,Prime Video,Rotten Tomatoes,Title
31,1,92%,Drive
32,1,94%,Train to Busan
103,1,95%,Amy
142,1,99%,Starred Up
148,1,100%,The Square
188,1,88%,The Invitation
193,1,77%,The Fundamentals of Caring
204,1,74%,Trumbo
217,1,71%,Mirage
227,1,81%,Kon-Tiki
305,1,90%,Blue Jay
322,1,64%,The Christmas Chronicles
327,1,70%,Remember
340,1,52%,The Interview
345,1,85%,Cargo
368,1,84%,Girl
376,1,33%,"Love, Rosie"
384,1,71%,The Babysitter
401,1,58%,She's Out of My League
405,1,89%,Ittefaq
418,1,100%,Retribution
447,1,80%,Young Adult
471,1,36%,One Day
484,1,85%,Elena
497,1,82%,Blame!
536,1,80%,I Am Kalam
576,1,75%,The Angel
585,1,80%,Breath
652,1,91%,(T)ERROR
679,1,38%,From Paris with Love
696,1,81%,The Monster
701,1,50%,Mirror Mirror
723,1,100%,Ten Years
789,1,100%,Mike Birbiglia: My Girlfriend's Boyfriend
813,1,83%,Lovesong
816,1,73%,A Christmas Prince
890,1,100%,City of Joy
914,1,80%,The Debt Collector
945,1,64%,Kabali
967,1,45%,Pari
968,1,25%,Sleepless
970,1,65%,Detour
980,1,100%,The Bleeding Edge
1009,1,80%,Toro
1038,1,87%,The Student
1047,1,13%,God's Not Dead
1050,1,31%,Zero
1054,1,15%,The Outsider
1113,1,43%,Closed Circuit
1143,1,9%,The Do-Over
1177,1,20%,Mute
1272,1,36%,Patrick
1291,1,57%,Aarakshan
1408,1,16%,Friend Request
1414,1,26%,The Duel
1420,1,5%,Hangman
1423,1,40%,Lila & Eve
1430,1,56%,The Warning
1467,1,83%,Across the Line
1497,1,67%,Rainbow Time
1619,1,36%,Lavender
1716,1,30%,Ready
2030,1,50%,Blood Money
2476,1,27%,Temple
2524,1,83%,Zubaan
2590,1,18%,Monster Island
2660,1,16%,Planetarium
2683,1,29%,Dear Dad
2684,1,38%,I Am Vengeance
2894,1,60%,New Money
3230,1,60%,Garbage
3332,1,40%,Mantostaan
3430,1,40%,Mantra
3440,1,17%,Coffee with D
3569,1,95%,A Quiet Place
3572,1,96%,True Grit
3586,1,92%,The Cabin in the Woods
3592,1,81%,Super 8
3593,1,97%,Mission: Impossible - Fallout
3594,1,88%,Coherence
3595,1,88%,Annihilation
3598,1,97%,The Guilty
3600,1,91%,Bumblebee
3601,1,88%,Rango
3602,1,81%,Instant Family
3606,1,75%,We Need to Talk About Kevin
3609,1,85%,A Simple Favor
3610,1,84%,Creed II
3623,1,96%,Embrace of the Serpent
3626,1,97%,The Second Mother
3629,1,90%,Love & Mercy
3634,1,74%,The Way Back
3638,1,97%,Lucky
3661,1,90%,Cartel Land
3663,1,87%,A Brilliant Young Mind
3665,1,51%,The Next Three Days
3674,1,90%,"Waiting for ""Superman"""
3675,1,87%,The Skeleton Twins
3676,1,61%,I Can Only Imagine
3688,1,83%,"Juliet, Naked"
3705,1,88%,Arbitrage
3711,1,89%,Rare Exports: A Christmas Tale
3713,1,65%,Jackass 3D
3729,1,35%,Transformers: Dark of the Moon
3732,1,49%,No Strings Attached
3737,1,60%,Operation Finale
3741,1,100%,The Domestics
3742,1,100%,Andy Irons: Kissed by God
3744,1,56%,The Commuter
3749,1,69%,Footloose
3756,1,49%,The Spy Who Dumped Me
3760,1,100%,Burn
3761,1,86%,Margarita with a Straw
3762,1,38%,Odd Thomas
3763,1,63%,Every Day
3766,1,79%,It's a Disaster
3772,1,61%,The Frozen Ground
3778,1,18%,Death Wish
3780,1,77%,Anna and the Apocalypse
3785,1,84%,Dior and I
3790,1,75%,High Strung
3791,1,89%,The Last Days
3794,1,32%,Man on a Ledge
3797,1,86%,Meek's Cutoff
3804,1,83%,The Overnight
3808,1,80%,Southbound
3810,1,43%,American Ultra
3824,1,59%,Paranormal Activity 2
3827,1,67%,Friends with Kids
3829,1,86%,I Remember You
3830,1,24%,Forever My Girl
3833,1,54%,Welcome to the Rileys
3859,1,86%,A Very Sordid Wedding
3864,1,71%,The Canal
3869,1,75%,Hello I Must Be Going
3876,1,68%,Touched with Fire
3878,1,90%,Starfish
3883,1,47%,Downsizing
3884,1,91%,Lowlife
3891,1,57%,The Bookshop
3896,1,24%,Overboard
3897,1,83%,Henry Gamble's Birthday Party
3902,1,70%,Finding Your Feet
3910,1,93%,AWOL
3911,1,88%,Haze
3934,1,35%,A Good Old Fashioned Orgy
3953,1,72%,We Are What We Are
3955,1,41%,The Tall Man
3966,1,32%,Wild Card
3980,1,66%,Digging for Fire
3990,1,25%,Conan the Barbarian
3992,1,45%,Cantinflas
3993,1,37%,Madea's Big Happy Family
3997,1,8%,I Still See You
3999,1,42%,The Girl King
4007,1,17%,Acrimony
4025,1,44%,Permanent
4028,1,54%,Crash Pad
4029,1,5%,Abduction
4030,1,7%,The Big Wedding
4033,1,19%,Madea's Witness Protection
4034,1,14%,Playing It Cool
4042,1,19%,Texas Chainsaw 3D
4044,1,76%,American Folk
4046,1,80%,The Alchemist Cookbook
4047,1,5%,"I, Frankenstein"
4057,1,27%,Sherlock Gnomes
4061,1,30%,The Numbers Station
4065,1,75%,The Gardener
4067,1,19%,Legendary
4080,1,25%,Fun Size
4081,1,11%,Black Gold
4091,1,24%,Nobody's Fool
4098,1,97%,The Burden
4105,1,22%,Girl Most Likely
4106,1,25%,ma ma
4136,1,16%,Serena
4145,1,50%,The Confessions
4164,1,46%,The Dinner
4170,1,67%,Breakup at a Wedding
4172,1,13%,Action Point
4204,1,60%,It Came from the Desert
4207,1,28%,The Taste of Money
4220,1,32%,Inside
4227,1,24%,Out of the Dark
4260,1,33%,Feral
4268,1,8%,The Reunion
4272,1,38%,Allure
4313,1,25%,Inside Out
4344,1,4%,Beneath the Darkness
4438,1,92%,The Avengers
4444,1,95%,The Handmaiden
4447,1,99%,Lady Bird
4450,1,98%,The Big Sick
4451,1,96%,Manchester by the Sea
4452,1,100%,The Man from Nowhere
4453,1,98%,Short Term 12
4454,1,77%,Thor
4455,1,80%,Captain America: The First Avenger
4461,1,91%,The Disaster Artist
4462,1,73%,Iron Man 2
4466,1,99%,The Wailing
4474,1,99%,Eighth Grade
4475,1,89%,Hereditary
4476,1,100%,Temple Grandin
4477,1,84%,The Lincoln Lawyer
4482,1,92%,Logan Lucky
4483,1,95%,The Act of Killing
4484,1,100%,Leave No Trace
4489,1,92%,Inside Llewyn Davis
4492,1,91%,Pride
4497,1,89%,Tumbbad
4498,1,90%,A Man Called Ove
4499,1,95%,The Imposter
4503,1,96%,The Salesman
4506,1,86%,Queen
4507,1,76%,Samsara
4510,1,82%,Seven Psychopaths
4516,1,96%,The Look of Silence
4517,1,93%,Cold War
4518,1,91%,Bone Tomahawk
4522,1,96%,Paterson
4529,1,81%,mid90s
4531,1,100%,Raazi
4534,1,99%,I Am Not Your Negro
4535,1,84%,The Ghost Writer
4540,1,94%,Indie Game: The Movie
4542,1,76%,Miss Sloane
4543,1,97%,Ernest & Celestine
4544,1,89%,You Were Never Really Here
4546,1,97%,An Honest Liar
4553,1,91%,Brawl in Cell Block 99
4554,1,89%,Arctic
4555,1,100%,Paradise Lost 3: Purgatory
4556,1,83%,Midnight Special
4557,1,94%,King of Devil's Island
4559,1,93%,First Reformed
4560,1,89%,Meru
4568,1,96%,Thunder Road
4570,1,75%,The Kings of Summer
4571,1,91%,You Don't Know Jack
4573,1,69%,Beautiful Boy
4576,1,86%,Robot & Frank
4577,1,96%,Particle Fever
4578,1,100%,Salyut-7
4587,1,82%,Get the Gringo
4590,1,67%,K.G.F: Chapter 1
4591,1,100%,Mahanati
4593,1,88%,Bernie
4597,1,87%,The Lost City of Z
4601,1,84%,Laurence Anyways
4602,1,77%,A Street Cat Named Bob
4609,1,87%,A Most Wanted Man
4611,1,91%,Frantz
4616,1,95%,Behind the Candelabra
4621,1,99%,Bill Cunningham New York
4622,1,86%,What Maisie Knew
4627,1,100%,Masquerade
4628,1,83%,Sultan
4629,1,100%,Heidi
4630,1,89%,Better Watch Out
4632,1,73%,What If
4633,1,99%,Truman
4634,1,95%,20.000 Days on Earth
4635,1,80%,Marshall
4637,1,99%,McQueen
4641,1,90%,Turbo Kid
4643,1,86%,4 Moons
4644,1,92%,A Prayer Before Dawn
4646,1,84%,Disobedience
4648,1,69%,Climax
4651,1,96%,Gleason
4652,1,93%,The Central Park Five
4656,1,71%,The Crazies
4658,1,93%,The Treatment
4659,1,71%,Karwaan
4664,1,65%,Suspiria
4665,1,78%,Hindi Medium
4668,1,99%,The Invisible War
4669,1,100%,We Were Here
4671,1,75%,The Whistleblower
4676,1,93%,The Tillman Story
4680,1,91%,Lean on Pete
4684,1,75%,They Call Me Jeeg
4696,1,84%,The King's Choice
4698,1,57%,Stuck in Love
4700,1,93%,Heavy Trip
4704,1,80%,Unsane
4706,1,81%,Dead Snow 2: Red vs. Dead
4707,1,79%,Magic Mike
4708,1,87%,Colette
4710,1,100%,Life According to Sam
4711,1,59%,Draft Day
4714,1,52%,Papillon
4715,1,100%,The Battery
4716,1,84%,Heartstone
4717,1,76%,"Don't Worry, He Won't Get Far on Foot"
4719,1,88%,Tab Hunter Confidential
4720,1,99%,Ash Is Purest White
4724,1,90%,Woody Allen: A Documentary
4728,1,96%,Becoming Astrid
4730,1,77%,Braven
4732,1,67%,The Woman in Black
4738,1,84%,These Final Hours
4740,1,100%,Lost Soul: The Doomed Journey of Richard Stanley's “Island of Dr. Moreau”
4741,1,87%,A Private War
4743,1,94%,Transit
4745,1,89%,Hell House LLC
4746,1,95%,Last Days in Vietnam
4749,1,67%,The Barkley Marathons: The Race That Eats Its Young
4751,1,97%,7 Boxes
4752,1,100%,Embrace
4755,1,97%,Love & Friendship
4760,1,80%,Macbeth
4762,1,87%,Deathgasm
4763,1,77%,Danny Collins
4764,1,74%,Too Big to Fail
4767,1,68%,Breathe
4770,1,87%,My Friend Dahmer
4771,1,97%,1945
4773,1,100%,The Panama Papers
4777,1,94%,Janis: Little Girl Blue
4778,1,100%,To Hell and Back: The Kane Hodder Story
4780,1,57%,The Dressmaker
4781,1,77%,Last Flag Flying
4784,1,96%,Sweet Country
4785,1,68%,Game Change
4790,1,82%,The Brand New Testament
4791,1,63%,Ugly
4792,1,77%,"Jeff, Who Lives at Home"
4793,1,85%,Resolution
4795,1,95%,The Love Witch
4797,1,58%,Bilal: A New Breed of Hero
4798,1,94%,Teddy Bear
4800,1,81%,The Party
4801,1,88%,Anti Matter
4802,1,74%,Stake Land
4803,1,100%,The Babushkas of Chernobyl
4805,1,80%,I Dream in Another Language
4806,1,74%,Alive Inside
4810,1,96%,Wrinkles
4811,1,71%,Like Crazy
4812,1,92%,Journey's End
4816,1,100%,Nas: Time Is Illmatic
4819,1,71%,Café Society
4821,1,100%,Sharkwater Extinction
4824,1,91%,Faults
4825,1,94%,Milius
4826,1,98%,City of Ghosts
4828,1,47%,The First Time
4833,1,67%,Salmon Fishing in the Yemen
4836,1,92%,Titli
4837,1,83%,Mr. Six
4841,1,93%,She's Beautiful When She's Angry
4842,1,83%,Maidentrip
4847,1,89%,Last Cab to Darwin
4848,1,90%,Burn Notice: The Fall of Sam Axe
4850,1,100%,Cloudburst
4851,1,91%,Valentine Road
4855,1,78%,Fan
4859,1,70%,The Beauty Inside
4860,1,85%,Beneath Hill 60
4865,1,41%,The Flowers of War
4867,1,90%,Veteran
4868,1,67%,Mardaani
4872,1,100%,Tales of the Grim Sleeper
4873,1,81%,Fahrenheit 11/9
4874,1,94%,Gimme Danger
4879,1,79%,Any Day Now
4880,1,69%,"Fat, Sick & Nearly Dead"
4881,1,62%,Kill the Irishman
4882,1,77%,A Coffee in Berlin
4888,1,73%,Blood Brother
4891,1,95%,We Are Still Here
4892,1,80%,Miss Granny
4895,1,65%,A Girl Like Her
4896,1,100%,Cries from Syria
4898,1,85%,Shut Up and Play the Hits
4899,1,92%,Still Mine
4900,1,100%,Alleluia! The Devil's Carnival
4901,1,58%,Padmaavat
4904,1,77%,Bones Brigade: An Autobiography
4905,1,76%,The Young and Prodigious T.S. Spivet
4910,1,78%,The Connection
4917,1,87%,Chico & Rita
4918,1,100%,Rewind This!
4923,1,91%,Alamar
4925,1,83%,Strangled
4927,1,73%,We Are Legion: The Story of the Hacktivists
4929,1,94%,Casting By
4932,1,94%,Neds
4934,1,87%,Meet the Patels
4937,1,76%,Hara-Kiri: Death of a Samurai
4938,1,89%,Sui Dhaaga - Made in India
4939,1,100%,Chuck Norris vs Communism
4941,1,63%,The True Cost
4942,1,65%,Dog Pound
4945,1,85%,Dave Made a Maze
4946,1,91%,Creepy
4947,1,100%,Haunters: The Art of the Scare
4948,1,60%,The Ghazi Attack
4950,1,85%,The Night Eats the World
4951,1,98%,Marlina the Murderer in Four Acts
4953,1,97%,No No: A Dockumentary
4954,1,80%,Badrinath Ki Dulhania
4955,1,91%,Belle and Sebastian
4956,1,100%,White Sun
4957,1,71%,What's in a Name
4966,1,92%,Mystery Road
4971,1,82%,High Life
4972,1,58%,Under the Silver Lake
4973,1,86%,Jean-Michel Basquiat: The Radiant Child
4974,1,94%,The Farewell Party
4976,1,100%,Give Up Tomorrow
4980,1,98%,Finders Keepers
4981,1,78%,M.F.A.
4982,1,92%,After Tiller
4983,1,48%,You're Not You
4984,1,100%,Gideon's Army
4986,1,100%,Mr. Calzaghe
4987,1,89%,Wait for Your Laugh
4988,1,68%,That Sugar Film
4989,1,86%,A Field in England
4992,1,96%,Western
4994,1,100%,Trouble Is My Business
4995,1,98%,Call Me Kuchu
4996,1,100%,Just Eat It: A Food Waste Story
4998,1,90%,Winning: The Racing Life of Paul Newman
4999,1,100%,Best Kept Secret
5005,1,88%,Electrick Children
5006,1,97%,Sleepless Night
5007,1,95%,East Side Sushi
5011,1,97%,Apostasy
5013,1,90%,Black Souls
5016,1,96%,Zama
5017,1,91%,Death of a Superhero
5018,1,92%,James White
5022,1,64%,Grave Encounters
5028,1,100%,Flight of the Butterflies
5029,1,61%,This Beautiful Fantastic
5032,1,96%,The Forbidden Room
5036,1,76%,A Late Quartet
5039,1,85%,The Vanishing
5040,1,87%,Antarctica: A Year on Ice
5045,1,79%,How I Ended This Summer
5048,1,67%,Admiral
5049,1,97%,The Fits
5051,1,89%,Keep the Lights On
5052,1,90%,Marjorie Prime
5055,1,85%,The Fencer
5056,1,100%,Keep the Change
5062,1,74%,Starry Eyes
5067,1,89%,Narco Cultura
5068,1,79%,Harmontown
5070,1,87%,Oddball
5072,1,73%,Tiger Zinda Hai
5073,1,77%,Ill Manors
5075,1,92%,They Look Like People
5076,1,86%,American Grindhouse
5078,1,93%,The Retrieval
5080,1,100%,11:55
5081,1,100%,Everlasting
5086,1,100%,The Family I Had
5088,1,80%,Brad's Status
5091,1,67%,102 Not Out
5092,1,100%,Cash Only
5093,1,83%,Detainment
5094,1,55%,Hichki
5096,1,81%,The Dirties
5101,1,100%,Seoul Station
5103,1,100%,Ice Mother
5105,1,98%,Almost Holy
5106,1,80%,The Assassin
5107,1,53%,Bad Samaritan
5108,1,92%,Stations of the Cross
5109,1,86%,Eden
5114,1,71%,Do You Trust this Computer?
5118,1,41%,Brimstone
5119,1,100%,LFO
5123,1,75%,Kung Fu Jungle
5124,1,96%,Hagazussa
5125,1,87%,Euthanizer
5127,1,100%,The World Before Your Feet
5130,1,74%,The Children Act
5132,1,78%,What Will People Say
5134,1,100%,Off the Rails
5136,1,80%,Return of the Hero
5137,1,71%,Kid Cannabis
5138,1,91%,Beauty Is Embarrassing
5139,1,77%,Blue My Mind
5143,1,91%,Gloria Bell
5146,1,80%,"Cairo 6,7,8"
5149,1,86%,The Third Murder
5151,1,100%,Night Owls
5152,1,85%,Call Me Lucky
5154,1,87%,The Mule
5156,1,87%,The Dark
5157,1,100%,The Irish Pub
5158,1,95%,Charlie's Country
5159,1,100%,Autoluminescent: Rowland S. Howard
5161,1,63%,The Gateway
5163,1,43%,Hot Summer Nights
5165,1,69%,Palo Alto
5166,1,92%,Ray Harryhausen: Special Effects Titan
5169,1,82%,Kundo: Age of the Rampant
5170,1,55%,Book Club
5176,1,100%,Night Comes On
5181,1,46%,22 Bullets
5183,1,83%,The Story of Luke
5184,1,100%,Lost Angels: Skid Row Is My Home
5185,1,92%,Always Shine
5187,1,71%,After the Dark
5188,1,80%,G.B.F.
5189,1,33%,I Spit on Your Grave
5192,1,100%,Upside Down: The Creation Records Story
5195,1,85%,As If I Am Not There
5196,1,86%,The Special Relationship
5199,1,88%,Code Black
5200,1,100%,The Departure
5203,1,76%,"People, Places, Things"
5204,1,86%,Something from Nothing: The Art of Rap
5207,1,94%,Angels Wear White
5210,1,38%,Two Night Stand
5212,1,63%,The Joneses
5213,1,100%,Top Spin
5215,1,93%,Saturday Church
5217,1,92%,A Vigilante
5218,1,83%,Tumhari Sulu
5219,1,72%,The Hornet's Nest
5220,1,92%,A Quiet Passion
5221,1,79%,The Trotsky
5223,1,83%,"Accidental Courtesy: Daryl Davis, Race & America"
5225,1,91%,King Lear
5230,1,100%,Master of the Universe
5231,1,67%,On Chesil Beach
5232,1,100%,McKellen: Playing the Part
5233,1,100%,Beauty Mark
5236,1,94%,Nuts!
5245,1,100%,Crush the Skull
5246,1,52%,Puncture
5247,1,97%,The Light of the Moon
5248,1,53%,Destination Wedding
5249,1,100%,The Blood Is at the Doorstep
5250,1,82%,Comic-Con Episode IV: A Fan's Hope
5253,1,94%,Big Sonia
5254,1,68%,Wonderstruck
5256,1,95%,Bad Hair
5260,1,64%,"Tomorrow, When the War Began"
5265,1,100%,"Christmas, Again"
5268,1,73%,Prodigy
5269,1,73%,Bellflower
5271,1,76%,StreetDance 3D
5274,1,14%,Life Itself
5278,1,91%,The Dog
5282,1,84%,Pantani: The Accidental Death of a Cyclist
5284,1,75%,Kill Command
5289,1,96%,On Her Shoulders
5290,1,93%,Most Beautiful Island
5292,1,76%,The Son of Bigfoot
5293,1,59%,The Grand Seduction
5294,1,100%,Black Pond
5298,1,97%,Nina Forever
5299,1,100%,Aida's Secrets
5302,1,85%,Hawking
5304,1,88%,The Matchmaker
5305,1,97%,Paul Williams Still Alive
5306,1,96%,Birth of the Living Dead
5307,1,77%,Elvis & Nixon
5309,1,95%,Archipelago
5310,1,72%,Louder Than Bombs
5313,1,83%,Rob the Mob
5314,1,80%,No Stone Unturned
5315,1,90%,Possum
5317,1,30%,Soaked in Bleach
5320,1,93%,Return to Homs
5322,1,93%,Rift
5324,1,74%,Welcome to Me
5329,1,64%,True Legend
5330,1,56%,The Round Up
5331,1,100%,Honey
5332,1,60%,The Young Karl Marx
5333,1,87%,Punching the Clown
5334,1,62%,Toast
5338,1,64%,Believer
5339,1,89%,In Syria
5342,1,100%,Mischief Night
5344,1,92%,The Bullet Vanishes
5345,1,81%,Hitler's Children
5346,1,83%,Alleluia
5347,1,88%,The Wipers Times
5350,1,78%,Antrum
5352,1,100%,The Evil Within
5355,1,96%,Dark Money
5357,1,95%,The Guardians
5358,1,91%,Girl Model
5361,1,100%,16 Acres
5363,1,89%,In the Aisles
5364,1,53%,Cleanskin
5366,1,30%,The Boy
5367,1,77%,Crown Heights
5368,1,96%,The Russian Woodpecker
5369,1,91%,Are We Not Cats
5371,1,88%,Eames: The Architect and the Painter
5373,1,100%,Natasha
5377,1,98%,The Island President
5378,1,64%,Geography Club
5379,1,76%,Never Goin' Back
5380,1,61%,Clear History
5385,1,82%,They Call Us Monsters
5386,1,100%,Undocumented Executive
5388,1,73%,The House of Magic
5389,1,25%,The Words
5391,1,84%,The President
5392,1,100%,Teacher of the Year
5396,1,90%,The Kill Team
5397,1,40%,Sonu Ke Titu Ki Sweety
5400,1,75%,Landline
5402,1,100%,Racing Dreams
5404,1,82%,Chi-Raq
5405,1,55%,Escobar: Paradise Lost
5407,1,88%,Gabrielle
5408,1,95%,Shun Li and the Poet
5409,1,55%,Pali Road
5411,1,86%,The Little Girl Who Was Too Fond of Matches
5416,1,100%,Happy Hunting
5418,1,100%,Approaching the Elephant
5419,1,96%,Graduation
5420,1,72%,The People vs. George Lucas
5421,1,100%,A River Below
5422,1,89%,The Midwife
5425,1,84%,The Music of Strangers: Yo-Yo Ma and the Silk Road Ensemble
5426,1,79%,Tales of Halloween
5428,1,94%,Tatsumi
5429,1,60%,Deranged
5430,1,68%,The Man Who Saved the World
5433,1,79%,Dark River
5434,1,97%,Ex Libris: New York Public Library
5438,1,42%,Happythankyoumoreplease
5443,1,92%,Pass Over
5444,1,100%,Bad Lucky Goat
5445,1,83%,Pussy Riot: A Punk Prayer
5446,1,82%,Listen Up Philip
5449,1,40%,Conquest 1453
5451,1,85%,"Pulp: a Film About Life, Death & Supermarkets"
5453,1,100%,Number 37
5457,1,79%,The Reef
5458,1,92%,Some Freaks
5460,1,92%,Wreckers
5462,1,88%,William S. Burroughs: A Man Within
5464,1,75%,Sheikh Jackson
5465,1,91%,What Richard Did
5468,1,100%,Birds Without Names
5469,1,100%,All About Them
5473,1,83%,My Way
5475,1,72%,Back to Burgundy
5476,1,57%,The Perfect Game
5481,1,87%,Buzzard
5483,1,86%,Finding Mr. Right
5484,1,100%,The Whole Gritty City
5485,1,100%,Estranged
5487,1,53%,Woman Walks Ahead
5489,1,17%,Twice Born
5490,1,85%,"Empathy, Inc."
5491,1,77%,In the Name of...
5493,1,87%,Bright Days Ahead
5494,1,100%,Her Composition
5496,1,40%,The Possession
5500,1,83%,The Divine Order
5502,1,84%,Mia madre
5513,1,86%,Lost in Paris
5515,1,76%,Manifesto
5518,1,32%,Home Again
5519,1,100%,The Samurai
5520,1,100%,The Good Postman
5521,1,94%,I Am Another You
5524,1,44%,Pandemic
5525,1,89%,Nobody's Watching
5526,1,89%,My Name Is Emily
5527,1,64%,Cherry
5528,1,74%,Rampart
5529,1,95%,Ping Pong
5530,1,75%,Once I Was a Beehive
5532,1,100%,War Don Don
5534,1,100%,Top Knot Detective
5535,1,81%,Girl Asleep
5537,1,76%,Five Fingers for Marseilles
5539,1,100%,Holy Air
5543,1,81%,Last Call at the Oasis
5547,1,61%,Django
5548,1,86%,Nancy
5554,1,79%,The Suicide Theory
5557,1,82%,Skeletons
5559,1,90%,Pin Cushion
5561,1,28%,Upside Down
5562,1,86%,Doomed! The Untold Story of Roger Corman's The Fantastic Four
5563,1,100%,Diverge
5566,1,80%,That Guy Dick Miller
5568,1,55%,Hyena Road
5572,1,50%,Hired Gun
5573,1,89%,Mary Goes Round
5574,1,91%,Food Chains
5577,1,90%,One Week and a Day
5578,1,88%,This Is Where We Live
5582,1,49%,Wolf Creek 2
5583,1,88%,Computer Chess
5584,1,91%,Transpecos
5585,1,91%,Winter Brothers
5586,1,40%,Dalida
5587,1,92%,Catch Me Daddy
5588,1,100%,Bharat Ane Nenu
5589,1,34%,Adore
5590,1,92%,A Syrian Love Story
5592,1,57%,LBJ
5595,1,91%,Crime After Crime
5596,1,86%,Embers
5597,1,97%,People's Republic of Desire
5599,1,80%,The Sisterhood of Night
5600,1,88%,Not Suitable For Children
5601,1,80%,Father's Day
5602,1,73%,Sex & Drugs & Rock & Roll
5605,1,100%,Tiger Orange
5608,1,83%,Duckweed
5609,1,84%,Gabriel
5611,1,88%,Head Games
5612,1,49%,Churchill
5615,1,91%,Newton
5617,1,40%,The Dark Valley
5618,1,94%,Our Time Will Come
5619,1,75%,Shock Wave
5620,1,70%,Final Score
5621,1,56%,Pet
5625,1,50%,Parkland
5627,1,100%,Trash Dance
5630,1,94%,The Levelling
5631,1,92%,Don't Kill It
5632,1,80%,Some Guy Who Kills People
5634,1,90%,A Monster with a Thousand Heads
5636,1,75%,The Keeping Room
5637,1,91%,Pop Aye
5639,1,97%,"Hale County This Morning, This Evening"
5640,1,100%,Obey
5641,1,79%,100 Bloody Acres
5643,1,86%,B.B. King: The Life of Riley
5644,1,50%,Chasing the Dragon
5645,1,87%,Francofonia
5646,1,88%,Madeline's Madeline
5647,1,75%,Zarafa
5649,1,40%,Yu-Gi-Oh!: The Dark Side of Dimensions
5651,1,32%,Wonder Wheel
5652,1,90%,Uzumasa Limelight
5655,1,94%,All This Panic
5658,1,82%,Scaffolding
5659,1,67%,Afternoon Delight
5660,1,78%,Author: The JT LeRoy Story
5663,1,40%,Gringo
5664,1,54%,The Last Movie Star
5665,1,54%,Cuban Fury
5667,1,92%,Trench 11
5670,1,57%,1:54
5672,1,82%,Noble
5674,1,90%,Downriver
5675,1,100%,Southwest of Salem: The Story of the San Antonio Four
5676,1,89%,Let Her Out
5677,1,88%,TransFatty Lives
5678,1,64%,The Summit
5679,1,85%,Animals
5680,1,100%,Hello Destroyer
5682,1,52%,Ashby
5685,1,100%,G-Dog
5686,1,83%,Sons of Perdition
5687,1,76%,Northern Soul
5688,1,100%,Astraea
5691,1,90%,Almost Sunrise
5693,1,88%,Left On Purpose
5696,1,91%,Our Nixon
5697,1,43%,Life of a King
5698,1,100%,Free and Easy
5702,1,100%,Toomelah
5703,1,82%,Future Shock! The Story of 2000AD
5704,1,100%,Boston
5707,1,83%,Living in the Future's Past
5709,1,77%,Essential Killing
5710,1,80%,Honor Flight
5711,1,100%,40 Years in the Making: The Magic Music Movie
5713,1,86%,Becoming Cary Grant
5714,1,100%,Sex and Broadcasting
5716,1,60%,Tai Chi Zero
5717,1,67%,Howl
5721,1,83%,Cardinals
5723,1,93%,This Is Martin Bonner
5724,1,80%,We are Twisted Fucking Sister!
5725,1,100%,Free In Deed
5728,1,64%,Nicky's Family
5729,1,100%,A Picture of You
5734,1,50%,Boy Wonder
5739,1,89%,"Pink Ribbons, Inc."
5742,1,80%,Tropicália
5744,1,72%,Point and Shoot
5745,1,56%,Sold
5747,1,100%,Imitation Girl
5750,1,86%,The Midnight Swim
5751,1,67%,The Nightmare
5752,1,72%,Kites
5756,1,29%,The Good Neighbor
5759,1,64%,Pandora's Promise
5761,1,50%,Pataakha
5762,1,53%,Mr. Nice
5763,1,81%,Willow Creek
5773,1,100%,I Am Belfast
5774,1,82%,Love & Saucers
5778,1,82%,The Second Time Around
5783,1,37%,Before I Disappear
5785,1,89%,The Immaculate Conception of Little Dizzle
5788,1,73%,GirlHouse
5791,1,81%,"Wild Horse, Wild Ride"
5793,1,80%,Wake Wood
5795,1,75%,The Crescent
5796,1,68%,Flying Swords of Dragon Gate
5798,1,88%,For Those in Peril
5799,1,63%,The Greasy Strangler
5803,1,80%,Little White Lie
5805,1,90%,Siddharth
5807,1,86%,The Academy of Muses
5808,1,100%,Women Who Kill
5811,1,77%,Beautiful Darling
5813,1,76%,The Stone Roses: Made of Stone
5814,1,67%,Bloodsucking Bastards
5815,1,75%,Let the Corpses Tan
5822,1,79%,Gary Numan: Android In La La Land
5824,1,71%,Fists of Legend
5825,1,85%,11 Flowers
5828,1,65%,Life
5830,1,89%,We Are Mari Pepa
5831,1,87%,The Road Movie
5833,1,78%,Felix and Meira
5834,1,92%,Saving Brinton
5837,1,90%,What Still Remains
5839,1,86%,Who's Watching Oliver
5842,1,38%,The Berlin File
5843,1,100%,La Camioneta: The Journey of One American School Bus
5845,1,100%,The Dying of the Light
5846,1,88%,Sun Choke
5847,1,100%,The Icarus Line Must Die
5850,1,100%,Giuseppe Makes a Movie
5851,1,80%,Sarah Silverman: We Are Miracles
5854,1,43%,Falcon Rising
5855,1,85%,Bridgend
5856,1,43%,From Time to Time
5857,1,88%,A Screaming Man
5859,1,67%,Deepsea Challenge
5861,1,68%,Dangerous Liaisons
5862,1,88%,Very Semi-Serious
5864,1,50%,The Man from Earth: Holocene
5866,1,96%,For Ahkeem
5867,1,63%,Late Phases
5871,1,83%,Phantom Detective
5874,1,75%,Don't Talk to Irene
5875,1,80%,A Bad Idea Gone Wrong
5879,1,18%,Absolutely Anything
5881,1,61%,Summer '03
5883,1,81%,Without Name
5885,1,70%,Felony
5886,1,100%,Elián
5887,1,89%,The Price We Pay
5888,1,100%,Bad Blood: The Movie
5889,1,30%,Red Lights
5890,1,67%,Calling All Earthlings
5891,1,81%,Test
5894,1,25%,Bravetown
5898,1,80%,Infinity Baby
5900,1,69%,The Journey
5902,1,62%,Bad Milo
5904,1,100%,Under the Gun
5906,1,64%,Parked
5907,1,80%,The Chinese Mayor
5908,1,57%,Blackbird
5909,1,85%,Santoalla
5911,1,33%,No Tears for the Dead
5913,1,67%,Lazy Eye
5914,1,78%,The Color Wheel
5915,1,70%,The Wait
5916,1,92%,Circo
5917,1,67%,Bang Gang (A Modern Love Story)
5919,1,50%,Ae Dil Hai Mushkil
5922,1,76%,Zero Charisma
5923,1,62%,Coldwater
5924,1,27%,Letters to God
5927,1,44%,A Turtle's Tale: Sammy's Adventures
5928,1,66%,Peterloo
5930,1,43%,Song to Song
5934,1,61%,At Middleton
5935,1,88%,Bill Frisell: A Portrait
5939,1,82%,The Good Son
5943,1,57%,Manhunt: The Inside Story of the Hunt for Bin Laden
5947,1,45%,Demon House
5950,1,69%,A Bottle in the Gaza Sea
5953,1,74%,Alex of Venice
5957,1,31%,Loving Pablo
5960,1,86%,People of a Feather
5962,1,83%,Runoff
5965,1,96%,Félicité
5970,1,69%,Zombeavers
5971,1,16%,Little Italy
5972,1,69%,Prescription Thugs
5974,1,58%,The Returned
5976,1,79%,24 Days
5978,1,63%,Edie
5979,1,90%,Sun Don't Shine
5981,1,83%,The Moo Man
5982,1,93%,Harmony and Me
5983,1,27%,Charlie Countryman
5985,1,92%,Being Ginger
5987,1,36%,23 Blast
5991,1,100%,Free China: The Courage to Believe
5993,1,82%,By Sidney Lumet
5995,1,80%,Jess + Moss
5998,1,100%,500 Years
5999,1,85%,Boom Bust Boom
6000,1,84%,It Felt Like Love
6001,1,78%,Big Ass Spider!
6003,1,82%,The Flaw
6006,1,50%,Drew: The Man Behind the Poster
6008,1,83%,Girl Flu.
6009,1,88%,Manborg
6012,1,71%,Darling
6014,1,40%,The Strangers: Prey at Night
6018,1,42%,Katie Says Goodbye
6020,1,47%,How to Talk to Girls at Parties
6025,1,100%,Memoria
6026,1,56%,Numb
6028,1,92%,Medora
6029,1,70%,Coming Through the Rye
6035,1,100%,Jingle Bell Rocks!
6036,1,10%,Killers
6037,1,86%,Guernica
6038,1,60%,Digging Up the Marrow
6039,1,87%,A Suitable Girl
6040,1,44%,Mr. Pip
6041,1,100%,Chastity Bites
6043,1,100%,Lyle
6044,1,89%,Downhill
6045,1,25%,Rememory
6046,1,33%,Sarbjit
6047,1,75%,The Forest of the Lost Souls
6048,1,68%,"If I Want to Whistle, I Whistle"
6049,1,56%,Yardie
6050,1,88%,When I Walk
6054,1,81%,Best and Most Beautiful Things
6055,1,80%,The Tag-Along
6058,1,85%,Make Believe
6060,1,75%,The Human Resources Manager
6061,1,50%,Hemingway & Gellhorn
6062,1,73%,Like Me
6064,1,63%,Man in Red Bandana
6065,1,40%,School of Life
6066,1,22%,The Baytown Outlaws
6067,1,57%,The 5th Quarter
6076,1,83%,Hide Your Smiling Faces
6077,1,18%,Love the Coopers
6080,1,34%,The Only Living Boy in New York
6081,1,91%,Michael H. – Profession: Director
6084,1,57%,Hatchet III
6092,1,100%,Strongman
6094,1,85%,Sollers Point
6098,1,52%,A.C.O.D.
6099,1,17%,The Tower
6108,1,70%,Dark Horse
6110,1,91%,Werewolf
6111,1,73%,The Funhouse Massacre
6113,1,55%,Tokyo Tribe
6115,1,17%,Shivaay
6118,1,69%,All These Sleepless Nights
6119,1,70%,Buena Vista Social Club: Adios
6121,1,96%,Hunter Gatherer
6123,1,90%,Innocent
6126,1,73%,Augustine
6128,1,85%,Lamb
6129,1,21%,The Double
6133,1,47%,Age of Uprising: The Legend of Michael Kohlhaas
6134,1,38%,Backstabbing for Beginners
6138,1,88%,Herman's House
6139,1,24%,Tracers
6142,1,80%,The Glass Coffin
6144,1,45%,Flu
6147,1,81%,Unlovable
6150,1,21%,Frankie & Alice
6152,1,56%,Elephant Song
6158,1,100%,Softness of Bodies
6159,1,78%,Sharknado
6160,1,45%,Generation Wealth
6161,1,83%,Aliyah
6164,1,50%,Young Ones
6167,1,94%,The Trouble with the Truth
6169,1,45%,About Alex
6174,1,85%,Sylvio
6176,1,90%,Llyn Foulkes One Man Band
6178,1,33%,Good Kids
6186,1,67%,Showrunners: The Art of Running a TV Show
6188,1,100%,The Curse of the Gothic Symphony
6189,1,60%,The Saratov Approach
6191,1,64%,Last Rampage
6194,1,20%,Extinction
6195,1,52%,Dark Was the Night
6196,1,60%,Southern Baptist Sissies
6197,1,85%,Under the Boardwalk: The Monopoly Story
6198,1,40%,Clandestine Childhood
6203,1,80%,Beside Bowie: The Mick Ronson Story
6204,1,77%,"Westwood: Punk, Icon, Activist"
6208,1,20%,A Cool Fish
6209,1,36%,Ooops! Noah is Gone...
6211,1,38%,Cesar Chavez
6213,1,12%,Atlas Shrugged: Part I
6218,1,47%,The Comedy
6220,1,64%,Sophie and the Rising Sun
6222,1,90%,Icaros: A Vision
6226,1,79%,Small Town Murder Songs
6227,1,71%,Of Mind and Music
6228,1,92%,In Search of Israeli Cuisine
6229,1,70%,The Pill
6232,1,18%,Open Grave
6237,1,71%,They
6238,1,68%,Shut Up Little Man! An Audio Misadventure
6245,1,10%,Gone
6248,1,88%,The Great Buddha+
6255,1,73%,This Is Our Land
6263,1,57%,Farmageddon
6264,1,77%,Burt's Buzz
6265,1,100%,Diamond Tongues
6268,1,38%,Meri Pyaari Bindu
6271,1,86%,Nakom
6273,1,77%,Punching Henry
6276,1,86%,Who Bombed Judi Bari?
6282,1,86%,Shepard & Dark
6284,1,78%,The Strange Little Cat
6285,1,96%,The Armor of Light
6286,1,83%,Hannah
6287,1,89%,The Lesson
6289,1,75%,Moss
6293,1,77%,Watermark
6298,1,83%,The Jurassic Games
6301,1,56%,Frankenstein's Army
6306,1,71%,The Ice Cream Truck
6308,1,4%,A Little Bit of Heaven
6311,1,55%,Citadel
6312,1,75%,Healing
6316,1,60%,The Monster Project
6317,1,68%,The Carer
6318,1,57%,Golmaal Again
6321,1,90%,Portrait of Wally
6323,1,43%,Madame Bovary
6326,1,53%,The High Cost of Living
6328,1,37%,The Quiet Ones
6329,1,74%,The Last Rites of Joe May
6335,1,85%,Just Jim
6336,1,62%,Beneath the Harvest Sky
6337,1,80%,Redwood Highway
6341,1,49%,All Cheerleaders Die
6342,1,80%,Bad Hurt
6345,1,44%,Razzia
6346,1,41%,Henry's Crime
6347,1,29%,Trafficked
6350,1,38%,Voice from the Stone
6352,1,33%,My Mistress
6354,1,81%,The Yes Men Are Revolting
6355,1,70%,The Motel Life
6356,1,78%,La Bare
6371,1,80%,Genesis
6372,1,41%,In Secret
6376,1,40%,Hatchet II
6377,1,68%,Somebody Up There Likes Me
6380,1,34%,King of Thieves
6381,1,95%,A Spell to Ward Off the Darkness
6386,1,71%,Reset
6388,1,73%,Take Me to the River
6389,1,89%,Antarctica: Ice & Sky
6393,1,75%,11-08-2016
6399,1,14%,Autumn Lights
6402,1,60%,Tales from the Organ Trade
6403,1,10%,Bad Kids of Crestview Academy
6405,1,89%,By the Time It Gets Dark
6414,1,77%,Teenage
6416,1,70%,Along for the Ride
6418,1,41%,The English Teacher
6419,1,67%,The Lost Arcade
6420,1,50%,Low Down
6422,1,84%,The Salt of Life
6423,1,25%,Assault on Wall Street
6434,1,100%,Rescue in the Philippines: Refuge from the Holocaust
6442,1,67%,uwantme2killhim?
6449,1,64%,The Fitzgerald Family Christmas
6450,1,67%,The Lullaby
6451,1,77%,7 Chinese Brothers
6452,1,60%,Hearing Is Believing
6453,1,34%,Passion
6454,1,86%,The Demons
6458,1,45%,The Yellow Birds
6459,1,73%,Angelica
6460,1,90%,Torn
6463,1,51%,The Calling
6467,1,84%,Daughter of Mine
6468,1,88%,Doomsdays
6470,1,57%,"How Much Does Your Building Weigh, Mr Foster?"
6471,1,62%,Therapy for a Vampire
6472,1,17%,One Small Hitch
6475,1,50%,Bhoomi
6477,1,64%,Memoir of War
6479,1,89%,"OC87: The Obsessive Compulsive, Major Depression, Bipolar, Asperger's Movie"
6480,1,88%,Stand Clear of the Closing Doors
6481,1,92%,The Light Thief
6486,1,62%,The Lottery
6490,1,40%,Casino Jack
6493,1,30%,In Dubious Battle
6495,1,60%,Wasted on the Young
6497,1,44%,Khumba
6498,1,15%,Regression
6501,1,50%,Long Distance Revolutionary: A Journey with Mumia Abu-Jamal
6507,1,100%,The Shelter
6509,1,91%,Ghostbox Cowboy
6512,1,22%,Violet & Daisy
6513,1,84%,Exhibition
6515,1,60%,Assaulted: Civil Rights Under Fire
6519,1,43%,Baar Baar Dekho
6520,1,79%,"Never Steady, Never Still"
6521,1,71%,United in Anger: A History of ACT UP
6522,1,40%,The Stray
6523,1,61%,"I, Anna"
6527,1,64%,A Five Star Life
6536,1,7%,CBGB
6537,1,81%,I Used to Be Darker
6545,1,57%,Phantasm: Ravager
6546,1,84%,Charlotte Rampling: The Look
6547,1,67%,The Vessel
6549,1,62%,The World Made Straight
6551,1,49%,Phil Spector
6556,1,56%,The Golden Era
6558,1,83%,Whitewash
6559,1,19%,Wish Upon
6560,1,74%,Kelly + Victor
6569,1,29%,Almost Friends
6574,1,20%,The Wasted Times
6576,1,83%,Vampire Cleanup Department
6579,1,71%,Forgetting the Girl
6580,1,90%,Nuclear Nation
6581,1,57%,Partisan
6584,1,89%,Red Knot
6586,1,56%,The Viral Factor
6587,1,67%,American Teacher
6588,1,44%,Another Happy Day
6589,1,60%,Broken Ceiling
6590,1,80%,Caroline and Jackie
6594,1,75%,Mama Africa
6595,1,63%,$ellebrity
6603,1,61%,Policeman
6609,1,80%,Abundant Acreage Available
6610,1,83%,The Story of Lovers Rock
6611,1,45%,Prem Ratan Dhan Payo
6612,1,20%,Bad Ass
6613,1,62%,The Mind's Eye
6614,1,100%,Perfect Obedience
6616,1,64%,Outcast
6619,1,71%,Web Junkie
6620,1,61%,Sharknado 2: The Second One
6621,1,88%,Shakespeare High
6624,1,40%,Chillerama
6625,1,33%,The Last Witness
6626,1,20%,Hollow
6636,1,47%,Maya the Bee Movie
6637,1,44%,A Liar's Autobiography: The Untrue Story of Monty Python's Graham Chapman
6639,1,38%,Muhammad Ali's Greatest Fight
6640,1,33%,Plush
6643,1,88%,The Discoverers
6646,1,18%,Video Games: The Movie
6652,1,51%,Half of a Yellow Sun
6657,1,75%,Road to the Well
6658,1,73%,Collaborator
6659,1,67%,A Short History of Decay
6660,1,79%,The Pirogue
6662,1,72%,Beloved Sisters
6665,1,75%,The Last Survivors
6666,1,57%,Hunterrr
6667,1,100%,Mademoiselle Paradis
6669,1,80%,Spanish Lake
6670,1,38%,Ok Jaanu
6672,1,91%,Fake It So Real
6674,1,33%,1 Night
6676,1,83%,Oblivion Verses
6677,1,57%,Beautiful Something
6678,1,58%,Preservation
6679,1,6%,So Undercover
6680,1,62%,Entanglement
6685,1,18%,Meet the Mormons
6686,1,56%,Fanny
6689,1,14%,Cavemen
6690,1,20%,Grave Encounters 2
6692,1,60%,The Atoning
6694,1,78%,The Mend
6696,1,75%,Patch Town
6700,1,75%,Free the Mind
6705,1,77%,The Ghoul
6706,1,31%,The Devil's Violinist
6707,1,10%,Unfinished Business
6708,1,67%,Ticked-Off Trannies with Knives
6711,1,42%,The Good Catholic
6712,1,64%,Keeping Rosy
6715,1,78%,Nate & Margaret
6726,1,57%,Slice
6736,1,68%,Friends (With Benefits)
6740,1,83%,Genius on Hold
6749,1,73%,Road to Nowhere
6751,1,61%,Robot Overlords
6752,1,47%,Tower Block
6754,1,65%,My Father And The Man In Black
6756,1,59%,The End of Love
6759,1,55%,Zenith
6764,1,63%,Around the Block
6766,1,64%,Unraveled
6770,1,91%,The House by the Sea
6771,1,17%,Walt Before Mickey
6772,1,67%,Bang Bang Baby
6774,1,75%,Tilt
6775,1,31%,Final Girl
6779,1,40%,Falling Overnight
6784,1,27%,All I See Is You
6785,1,38%,Pressure
6786,1,53%,The Girl
6789,1,67%,Hostile Border
6793,1,63%,Hank and Asha
6794,1,54%,Walter
6799,1,86%,Kung Fu Elliot
6801,1,78%,Discreet
6806,1,60%,War on Whistleblowers: Free Press and the National Security State
6808,1,78%,The Revival
6810,1,43%,Animal
6811,1,62%,Anguish
6812,1,22%,Bleeding Steel
6820,1,67%,For Ellen
6821,1,20%,The Adventurer: The Curse of the Midas Box
6822,1,56%,Shot
6825,1,60%,Google and the World Brain
6829,1,38%,Milton's Secret
6831,1,23%,Kill Your Friends
6834,1,9%,Sundown
6838,1,69%,Cut Snake
6844,1,60%,CodeGirl
6846,1,52%,England Is Mine
6849,1,65%,A Midsummer Night's Dream
6856,1,4%,Atlas Shrugged: Part II
6859,1,11%,American Renegades
6860,1,61%,Cherry Tree Lane
6866,1,41%,Strangerland
6870,1,20%,Blood Ransom
6871,1,5%,Hick
6874,1,13%,Muse
6878,1,54%,Small Time
6880,1,20%,All Summers End
6882,1,36%,Radio Free Albemuth
6889,1,58%,Bite
6890,1,30%,A Bird of the Air
6891,1,14%,Fukrey Returns
6892,1,18%,The Ultimate Life
6893,1,63%,Fanney Khan
6897,1,75%,High Fantasy
6905,1,33%,Song One
6908,1,27%,Marfa Girl
6910,1,71%,Uncertain Terms
6915,1,50%,Marius
6917,1,36%,The Hollow Point
6918,1,63%,The Homestretch
6923,1,67%,I Am Secretly An Important Man
6929,1,65%,Days of Grace
6933,1,50%,Sassy Pants
6935,1,27%,Goodbye World
6940,1,30%,Chongqing Hot Pot
6944,1,59%,The Woman in the Fifth
6948,1,32%,A Good Marriage
6949,1,50%,Man Vs.
6950,1,43%,A Night in Old Mexico
6953,1,43%,Antboy
6973,1,29%,The Chaperone
6983,1,54%,The Penguin King
6984,1,56%,Copwatch
6986,1,57%,Redemption Road
6988,1,54%,Citizen Koch
6990,1,30%,Befikre
7000,1,13%,If I Were You
7008,1,57%,Don't Worry Baby
7013,1,17%,Air
7015,1,40%,Age of Heroes
7017,1,50%,X/Y
7019,1,80%,Coming To My Senses
7021,1,67%,All Mistakes Buried
7024,1,50%,Gehenna: Where Death Lives
7025,1,38%,As I Lay Dying
7026,1,58%,The New Radical
7031,1,57%,The Freebie
7041,1,100%,Germans & Jews
7043,1,44%,Jackals
7046,1,43%,And While We Were Here
7047,1,27%,After the Ball
7048,1,50%,YellowBrickRoad
7052,1,50%,The Phoenix Incident
7056,1,12%,Rage
7057,1,40%,Faith Connections
7059,1,20%,Bank Chor
7065,1,60%,All the Wilderness
7066,1,50%,Shine
7068,1,67%,Castles in the Sky
7082,1,33%,The David Dance
7095,1,64%,Weightless
7100,1,15%,Seven Days in Utopia
7102,1,67%,Caught
7106,1,50%,Ana Maria in Novela Land
7107,1,40%,Traded
7111,1,50%,Scatter My Ashes at Bergdorf's
7113,1,41%,A Little Help
7115,1,89%,"Nancy, Please"
7123,1,40%,3 Nights in the Desert
7127,1,63%,The Loner
7131,1,67%,"Fanny, Annie & Danny"
7132,1,64%,You Wont Miss Me
7139,1,50%,Bring Me the Head of the Machine Gun Woman
7142,1,62%,Dark Night
7148,1,75%,Captivated: The Trials of Pamela Smart
7154,1,30%,Boys of Abu Ghraib
7159,1,56%,Somewhere Slow
7161,1,40%,The Sand
7163,1,58%,Red Hook Summer
7172,1,73%,Kissing Candice
7174,1,90%,Private Violence
7196,1,60%,When the Dragon Swallowed the Sun
7199,1,54%,The Playroom
7201,1,70%,Wobble Palace
7202,1,74%,The Outrageous Sophie Tucker
7203,1,10%,Begum Jaan
7205,1,16%,Dear Dictator
7208,1,25%,Miss Meadows
7211,1,39%,Nostalgia
7213,1,33%,Ktown Cowboys
7225,1,63%,Roth on Roth
7227,1,36%,Sharknado 3: Oh Hell No!
7231,1,70%,Phyllis and Harold
7232,1,50%,Flying Blind
7234,1,56%,Maine
7246,1,21%,Dorfman in Love
7253,1,20%,A Turtle's Tale 2: Sammy's Escape from Paradise
7255,1,56%,388 Arletta Avenue
7259,1,38%,Abattoir
7274,1,80%,Rough Stuff
7280,1,67%,An Eye for an Eye
7285,1,50%,The Lesser Blessed
7288,1,42%,Child of God
7294,1,57%,My Son
7298,1,40%,Planeat
7303,1,43%,Strange Nature
7304,1,71%,The Inhabitants
7308,1,67%,Divine Access
7310,1,57%,Maya Dardel
7326,1,20%,Arthur Newman
7334,1,43%,Harbinger Down
7342,1,56%,Man On a Mission: Richard Garriott's Road to the Stars
7347,1,8%,Are You Here
7365,1,50%,Galore
7366,1,36%,Honeyglue
7369,1,45%,Down the Shore
7375,1,43%,Postman Pat: The Movie
7386,1,30%,Gravy
7387,1,30%,Sharknado 5: Global Swarming
7392,1,20%,Scorched Earth
7400,1,9%,Despite the Falling Snow
7415,1,53%,One More Time
7416,1,89%,The Man Who Saw Too Much
7428,1,74%,Red Flag
7429,1,29%,Molly Moon and the Incredible Book of Hypnotism
7440,1,64%,The Nature of Existence
7441,1,60%,Arcadia
7455,1,44%,Bad Kids Go To Hell
7456,1,20%,Cottage Country
7481,1,31%,Welcome to Happiness
7483,1,27%,Mad As Hell
7495,1,3%,The Darkness
7501,1,56%,The Battle of Pussy Willow Creek
7502,1,5%,Home Sweet Hell
7503,1,38%,Programming The Nation?
7508,1,100%,In Search of Blind Joe Death: The Saga of John Fahey
7510,1,50%,The Living
7514,1,38%,Three Worlds
7524,1,71%,Hansel and Gretel Get Baked
7525,1,27%,33 Postcards
7529,1,58%,Blame
7539,1,55%,Swim Little Fish Swim
7540,1,100%,The Fabulous Allan Carr
7548,1,40%,Treading Water
7551,1,31%,Sacrifice
7557,1,70%,Turkey Bowl
7559,1,6%,Evidence
7584,1,62%,Rubberneck
7595,1,88%,Santa & Andres
7607,1,60%,Vidal Sassoon: The Movie
7608,1,57%,Dancing Across Borders
7620,1,29%,Golden Years
7623,1,79%,Kingdom of Shadows
7629,1,13%,Love Ranch
7634,1,20%,Amador
7650,1,95%,Radio Dreams
7656,1,33%,The Trouble with Bliss
7657,1,100%,Sanctuary
7663,1,47%,Jackboots on Whitehall
7667,1,67%,The Worst Year of My Life
7668,1,50%,"Lebanon, Pa."
7684,1,53%,Closer to God
7697,1,60%,Electoral Dysfunction
7699,1,62%,Mirzya
7702,1,50%,Grassroots
7715,1,64%,Axolotl Overkill
7716,1,67%,In the Dark Half
7720,1,50%,Six Dance Lessons in Six Weeks
7722,1,74%,Clara's Ghost
7724,1,38%,Kids in Love
7725,1,60%,Three Night Stand
7734,1,100%,"Gahan Wilson: Born Dead, Still Weird"
7747,1,6%,Slender Man
7751,1,20%,K-11
7764,1,40%,Virtual Revolution
7765,1,38%,Some Kind of Hate
7780,1,33%,Chain Letter
7786,1,20%,The Lookalike
7791,1,47%,In Our Nature
7792,1,92%,Spettacolo
7793,1,50%,Summer of Blood
7799,1,29%,Bethany
7802,1,50%,The Best Democracy Money Can Buy
7806,1,63%,Crawl
7814,1,77%,Borrowed Time
7819,1,33%,Hellbenders
7820,1,42%,Body
7821,1,67%,Greedy Lying Bastards
7827,1,17%,Helicopter Mom
7841,1,44%,This Is Happening
7873,1,50%,Mi America
7908,1,8%,Girl on a Bicycle
7911,1,83%,Monogamish
7923,1,27%,Dirty Weekend
7924,1,46%,The Butterfly Tree
7934,1,23%,Black November
7937,1,50%,Meet Me in Montenegro
7951,1,55%,Mrs. Hyde
8010,1,27%,The Wilde Wedding
8022,1,29%,The Dinosaur Project
8027,1,22%,Paradise
8030,1,79%,Lace Crater
8066,1,54%,I Love You Too
8077,1,27%,Sharknado 6
8086,1,45%,Red Christmas
8097,1,26%,The Benefactor
8101,1,11%,Eloise
8112,1,20%,Dead Awake
8122,1,80%,Le Chemin
8151,1,45%,The Blackout Experiments
8154,1,14%,Free Ride
8158,1,11%,The Basement
8162,1,67%,When Jews Were Funny
8163,1,40%,The Bleeding House
8165,1,77%,Just Do It: A Tale of Modern-day Outlaws
8173,1,80%,The Interrogation of Tony Martin
8176,1,13%,Siberia
8182,1,43%,Vikingdom
8189,1,14%,The Adventurers
8192,1,50%,"Small, Beautifully Moving Parts"
8196,1,50%,Orthodox
8200,1,14%,The Romantics
8222,1,18%,Jinn
8232,1,33%,Death By China
8238,1,18%,I Do
8246,1,88%,Sweaty Betty
8266,1,11%,Back in the Day
8270,1,11%,Virginia
8285,1,30%,Outlaws
8299,1,8%,The Babymakers
8300,1,55%,The Big Ask
8329,1,43%,Off White Lies
8331,1,17%,Wild Horses
8332,1,16%,Show Dogs
8342,1,18%,St George's Day
8345,1,20%,The Escape of Prisoner 614
8371,1,86%,Desert Riders
8374,1,40%,Under the Bed
8384,1,60%,Men Of The Cloth
8414,1,36%,Live Cargo
8416,1,34%,Formosa Betrayed
8426,1,50%,The Other Side of the Ice
8499,1,29%,Tio Papi
8515,1,33%,Mars at Sunrise
8546,1,17%,"Sex, Death and Bowling"
8566,1,13%,In My Sleep
8577,1,33%,Beneath
8578,1,9%,Accidental Love
8596,1,4%,Just Getting Started
8602,1,15%,The Curse of Sleeping Beauty
8605,1,40%,Northern Borders
8621,1,22%,The Sound and the Fury
8622,1,100%,Our People Will Be Healed
8627,1,31%,Crave
8636,1,57%,8 Murders a Day
8659,1,43%,Mark Of The Witch
8667,1,33%,The Hooligan Factory
8672,1,29%,The Reconstruction of William Zero
8697,1,38%,8 Minutes Idle
8702,1,60%,20 Weeks
8714,1,33%,The Congressman
8725,1,47%,Da Sweet Blood of Jesus
8728,1,21%,Copperhead
8742,1,40%,Wetlands
8746,1,63%,Naples '44
8747,1,57%,Noor
8760,1,14%,Antisocial
8767,1,20%,Hospitality
8788,1,19%,Innocence
8801,1,64%,Ghost Fleet
8815,1,40%,He's Way More Famous Than You
8817,1,14%,Spark: A Space Tail
8820,1,44%,Quitters
8837,1,100%,Art Is... The Permanent Revolution
8885,1,81%,Like a Bat Outta Hell
8887,1,31%,Queen of the Lot
8892,1,80%,The Song Keepers
8923,1,40%,6 Ways to Die
8931,1,22%,Awful Nice
8942,1,40%,Blood Hunters
8944,1,33%,The Final Project
8976,1,40%,Granito: How to Nail a Dictator
9005,1,25%,The Maid's Room
9009,1,33%,Loitering with Intent
9051,1,9%,Someday This Pain Will Be Useful to You
9052,1,21%,Shirin in Love
9070,1,10%,The Family Tree
9073,1,50%,My Lucky Star
9082,1,42%,Hide Away
9119,1,50%,Helena from the Wedding
9131,1,40%,Diving
9148,1,32%,Salt and Fire
9178,1,17%,Bringing Up Bobby
9185,1,50%,Best Friends Forever
9245,1,38%,Is That You?
9293,1,22%,Absence
9341,1,60%,A Violent Life
9342,1,25%,Beast of Burden
9344,1,14%,Nightlight
9359,1,86%,Gold Star
9378,1,21%,Tubelight
9442,1,33%,Ultrasuede: In Search of Halston
9489,1,26%,Ass Backwards
9503,1,20%,Affluenza
9541,1,27%,Amnesiac
9591,1,40%,Hackney's Finest
9638,1,60%,The Happy House
9650,1,13%,I Am Here
9696,1,33%,A Long Way From Home
9707,1,40%,Lucky Stiff
9715,1,38%,The Beat Hotel
9735,1,20%,Pilgrim Song
9737,1,33%,After the Fall
9773,1,43%,Love Is Thicker Than Water
9786,1,57%,Big Muddy
9787,1,3%,Passion Play
9797,1,30%,I Am I
9821,1,9%,ClownTown
9828,1,13%,When Harry Tries to Marry
9908,1,14%,Electric Slide
9922,1,8%,"Rio, I Love You"
9926,1,50%,Endgame
9941,1,22%,The Strongest Man
9962,1,25%,Dinotasia
9973,1,67%,Radioman
9983,1,6%,Standing Ovation
9990,1,63%,Fits and Starts
10000,1,17%,Durant's Never Closes
10021,1,42%,Friended to Death
10041,1,17%,Top Cat Begins
10049,1,33%,Laugh Killer Laugh
10105,1,8%,Drive Hard
10163,1,67%,Base
10219,1,33%,2 Jacks
10284,1,57%,The Tightrope
10389,1,22%,Hard Boiled Sweets
10491,1,9%,Race 3
10494,1,45%,Tortoise in Love
10556,1,33%,High Voltage
10570,1,20%,Savva. Heart of the Warrior
10641,1,20%,"Don't Swallow My Heart, Alligator Girl"
10665,1,50%,Off Label
10671,1,33%,StalkHer
10677,1,43%,A Night In the Woods
10700,1,17%,Songs for Amy
10720,1,13%,Raabta
10736,1,9%,Dark House
10739,1,10%,One Fall
10747,1,23%,Intruder
10800,1,8%,The Offering
10881,1,5%,Maladies
10882,1,22%,Jake Squared
10899,1,20%,The Possession Experiment
10914,1,33%,Drones
10944,1,20%,Who Needs Enemies
11025,1,60%,Family Life
11027,1,25%,It's So Easy and Other Lies
11097,1,19%,Birdemic: Shock and Terror
11247,1,17%,Rufus
11383,1,8%,Cherry Tree
11394,1,33%,Red Light Revolution
11420,1,8%,That's What She Said
11461,1,20%,Club Life
11642,1,33%,Lost for Words
11669,1,44%,Sal
11734,1,28%,The Silent Storm
11775,1,71%,Great Great Great
11850,1,8%,Growing Up and Other Lies
12044,1,43%,Beyond Words
12166,1,44%,Abigail Harm
12190,1,30%,Three Stars
12247,1,11%,Frank the Bastard
12433,1,17%,Clowntergeist
12464,1,52%,True Crime: Safe House
12477,1,29%,Hello Carter
12707,1,14%,Harrigan
12740,1,40%,The Trade
12760,1,38%,The M Word
12860,1,17%,5 Weddings
12918,1,13%,Ultrasonic
13052,1,75%,The Incomparable Rose Hartman
13326,1,9%,Age of the Dragons
13557,1,10%,Just 45 Minutes from Broadway
13562,1,40%,Skull World
13584,1,8%,Mega Piranha
13617,1,25%,Splintered
13966,1,7%,Tomorrow You're Gone
14097,1,11%,The Moment
14261,1,20%,Brush with Danger
14686,1,50%,Motherland
15014,1,33%,Drone
15132,1,20%,Misfortune
15149,1,20%,The Mystical Laws
15269,1,20%,Northeast
15625,1,50%,You Don't Need Feet to Dance
15669,1,13%,The Man On Her Mind
15671,1,14%,Double Trouble
15733,1,22%,Freestyle
