,Netflix,IMDb,Title
0,1,8.8,Inception
2,1,8.5,Avengers: Infinity War
5,1,8.4,Spider-Man: Into the Spider-Verse
7,1,8.4,Django Unchained
13,1,8.1,Room
18,1,8.0,The King's Speech
19,1,8.0,Her
21,1,7.7,The Social Network
22,1,8.0,Dallas Buyers Club
23,1,8.0,The Perks of Being a Wallflower
25,1,7.7,Ex Machina
26,1,7.7,Silver Linings Playbook
31,1,7.8,Drive
32,1,7.5,Train to Busan
33,1,7.6,Incredibles 2
34,1,8.4,Dangal
40,1,7.6,Despicable Me
41,1,7.6,Hell or High Water
45,1,7.7,The Theory of Everything
47,1,8.5,Senna
48,1,7.5,Scott Pilgrim vs. the World
50,1,7.8,The Hateful Eight
51,1,7.9,The Artist
52,1,7.4,Moonlight
57,1,8.2,A Silent Voice
58,1,7.1,Snowpiercer
59,1,7.5,Hugo
60,1,7.1,Ant-Man and the Wasp
63,1,8.2,Searching for Sugar Man
66,1,7.4,Molly's Game
67,1,8.1,Blackfish
69,1,8.1,The Invisible Guest
70,1,8.1,Song of the Sea
71,1,7.6,End of Watch
73,1,7.8,About Time
75,1,7.7,Blue Is the Warmest Color
78,1,7.4,Mud
79,1,7.3,The Edge of Seventeen
82,1,7.5,Tucker and Dale vs. Evil
86,1,7.6,The Florida Project
87,1,8.2,13th
88,1,8.1,Bahubali: The Beginning
89,1,8.1,The Dawn Wall
93,1,7.3,Okja
94,1,7.7,Roma
95,1,7.5,Saving Mr. Banks
96,1,7.9,Icarus
97,1,7.9,Jiro Dreams of Sushi
100,1,7.2,The Death of Stalin
103,1,7.8,Amy
104,1,7.1,Ralph Breaks the Internet
105,1,7.4,Good Time
106,1,7.5,Ip Man 2
107,1,7.7,The Little Prince
108,1,7.1,The Spectacular Now
109,1,8.2,Baahubali 2: The Conclusion
110,1,7.2,Black Mirror: Bandersnatch
111,1,8.1,PK
113,1,7.2,The Lobster
114,1,7.4,Blue Valentine
115,1,8.1,Zindagi Na Milegi Dobara
116,1,7.0,Green Room
117,1,7.2,Kung Fu Panda 2
118,1,7.3,The Ballad of Buster Scruggs
120,1,7.5,Burning
121,1,7.3,The Adventures of Tintin
126,1,7.6,Bad Genius
131,1,7.8,My Life as a Zucchini
132,1,7.7,"Jim & Andy: The Great Beyond- Featuring a Very Special, Contractually Obligated Mention of Tony Clifton"
133,1,8.1,Barfi!
134,1,7.5,Frances Ha
136,1,6.9,Solo: A Star Wars Story
137,1,7.2,Steve Jobs
139,1,7.2,The Croods
140,1,7.1,Locke
141,1,8.4,Bill Burr: I'm Sorry You Feel That Way
142,1,7.4,Starred Up
143,1,7.4,Mudbound
145,1,7.1,Blue Ruin
148,1,8.1,The Square
149,1,6.6,Gerald's Game
152,1,7.1,Tinker Tailor Soldier Spy
153,1,6.9,The Witch
154,1,8.1,Haider
155,1,7.9,Padman
156,1,6.6,Hush
159,1,7.3,Christopher Robin
163,1,6.8,The Autopsy of Jane Doe
164,1,8.2,Virunga
166,1,7.2,The Master
169,1,7.7,The Breadwinner
172,1,7.0,The Killing of a Sacred Deer
173,1,7.3,Lawless
177,1,8.2,Hannah Gadsby: Nanette
181,1,7.1,Arthur Christmas
183,1,8.4,Winter on Fire: Ukraine's Fight for Freedom
186,1,7.2,War Horse
187,1,7.3,Shot Caller
188,1,6.6,The Invitation
189,1,7.0,A Most Violent Year
190,1,6.6,The Other Guys
191,1,7.7,Kapoor & Sons
192,1,7.6,On Body and Soul
193,1,7.3,The Fundamentals of Caring
194,1,6.8,Insidious
197,1,7.0,The Foreigner
198,1,7.1,The Danish Girl
199,1,6.6,The Girl with All the Gifts
200,1,6.6,Bird Box
202,1,7.2,Hostiles
203,1,8.3,Sairat
204,1,7.5,Trumbo
205,1,8.2,LA 92
206,1,7.3,20th Century Women
208,1,7.0,Swiss Army Man
209,1,7.8,In This Corner of the World
210,1,6.9,A Ghost Story
215,1,7.1,The Young Offenders
216,1,6.9,Enemy
217,1,7.4,Mirage
220,1,7.4,The Guernsey Literary & Potato Peel Pie Society
221,1,6.9,I Don't Feel at Home in This World Anymore
222,1,6.5,The Endless
225,1,6.9,Under the Shadow
227,1,7.2,Kon-Tiki
228,1,6.7,Mary Poppins Returns
229,1,7.1,Kajaki
230,1,7.7,The Fear of 13
231,1,7.0,The Night Comes for Us
232,1,6.4,Blood Father
233,1,7.6,Stree
236,1,6.4,Salt
237,1,7.3,The Hundred-Foot Journey
238,1,7.5,The Distinguished Citizen
240,1,8.1,Chasing Coral
241,1,7.3,The End of the Tour
242,1,7.1,The One I Love
247,1,6.9,What Happened to Monday
249,1,7.5,The White Helmets
250,1,7.4,Suburra
254,1,6.4,Get Him to the Greek
255,1,6.9,Slow West
256,1,6.9,The Meyerowitz Stories (New and Selected)
257,1,8.0,The Battered Bastards of Baseball
258,1,6.1,The Perfection
259,1,7.1,Ip Man 3
260,1,6.8,Sinister
261,1,8.4,Rush: Beyond the Lighted Stage
262,1,7.4,20 Feet from Stardom
263,1,6.9,The Stanford Prison Experiment
264,1,7.0,My Week with Marilyn
265,1,7.1,Catfish
266,1,7.9,Secret Superstar
267,1,7.2,Private Life
270,1,7.6,For the Love of Spock
271,1,6.8,Goon
273,1,8.0,Inequality for All
274,1,6.5,Olympus Has Fallen
276,1,7.9,John Mulaney: Kid Gorgeous at Radio City
279,1,7.9,Supersonic
282,1,6.3,Under the Skin
285,1,7.6,Hey Arnold! The Jungle Movie
290,1,7.7,Undefeated
291,1,7.3,Team Foxcatcher
293,1,7.3,April and the Extraordinary World
295,1,6.9,Legend
296,1,7.6,Boy & the World
297,1,6.4,Creep 2
299,1,7.7,Unrest
301,1,7.6,Louis C.K. 2017
302,1,7.6,A Twelve-Year Night
303,1,7.6,Happy as Lazzaro
304,1,7.6,"What Happened, Miss Simone?"
305,1,7.3,Blue Jay
306,1,6.3,1922
309,1,6.3,"Hail, Caesar!"
312,1,8.5,Springsteen On Broadway
314,1,6.8,Obvious Child
315,1,7.8,Awe!
316,1,7.0,American Honey
318,1,7.8,Udta Punjab
319,1,7.0,Den of Thieves
320,1,7.5,Wadjda
322,1,7.1,The Christmas Chronicles
323,1,6.4,Turbo
325,1,6.8,22-Jul
326,1,7.6,Adam Sandler: 100% Fresh
327,1,7.5,Remember
329,1,7.4,Bombshell: The Hedy Lamarr Story
332,1,7.3,Sour Grapes
333,1,7.2,Betting on Zero
334,1,7.5,Delhi Belly
335,1,7.6,Being Elmo: A Puppeteer's Journey
336,1,7.6,Williams
337,1,6.2,It Comes at Night
338,1,8.2,Cuba and the Cameraman
339,1,6.3,Creep
340,1,6.5,The Interview
341,1,8.2,Bobby Robson: More Than a Manager
344,1,6.3,Bright
345,1,6.3,Cargo
346,1,7.4,Even the Rain
348,1,6.8,Mary and the Witch's Flower
349,1,6.7,Calibre
350,1,7.2,First They Killed My Father
351,1,7.3,Us and Them
354,1,6.9,Kill the Messenger
355,1,7.8,Operation Odessa
356,1,7.3,The American Meme
357,1,6.9,Outlaw King
359,1,7.4,Holding the Man
360,1,7.2,Krisha
361,1,7.4,De Palma
362,1,7.4,Dear Ex
364,1,6.2,Veronica
365,1,7.2,The Cakemaker
366,1,7.5,Instructions Not Included
367,1,6.8,Bleed for This
368,1,7.2,Girl
370,1,7.5,Bareilly's Barfi
375,1,7.1,Handsome Devil
376,1,7.2,"Love, Rosie"
378,1,6.3,The Ritual
379,1,6.6,Super Dark Times
380,1,6.7,Tallulah
381,1,6.8,Other People
383,1,6.3,Spectral
384,1,6.3,The Babysitter
386,1,7.6,Heneral Luna
389,1,7.4,The Last Man on the Moon
390,1,7.2,The 24 Hour War
391,1,7.2,Mune: Guardian of the Moon
392,1,7.7,The Devil We Know
396,1,7.0,The Sapphires
398,1,7.3,Tinker Bell and the Legend of the NeverBeast
399,1,7.4,Get Me Roger Stone
400,1,6.3,Alex Strangelove
401,1,6.4,She's Out of My League
402,1,7.5,Sarah's Key
403,1,7.4,My Happy Family
404,1,6.2,Killing Them Softly
405,1,7.2,Ittefaq
407,1,7.3,The Accountant of Auschwitz
409,1,5.6,Hold the Dark
410,1,6.9,Suffragette
411,1,7.2,The Siege of Jadotville
413,1,6.3,Hotel Transylvania 3: Summer Vacation
414,1,7.4,Filmworker
415,1,6.9,Our Souls at Night
417,1,6.9,Everybody Knows
418,1,6.6,Retribution
419,1,7.5,Ice Guardians
420,1,6.6,Tinker Bell and the Pirate Fairy
422,1,7.0,Suite Française
423,1,7.4,Period. End of Sentence.
425,1,6.6,Next Gen
426,1,5.9,Cam
427,1,7.4,Divines
428,1,7.4,Shirkers
431,1,7.6,How to Change the World
432,1,7.5,Spitfire
433,1,7.7,You Are My Sunday
434,1,7.6,Dear Zindagi
436,1,7.0,The Water Diviner
437,1,7.0,Gaga: Five Foot Two
439,1,6.4,He Never Died
440,1,6.4,Black Sea
441,1,6.9,Ali's Wedding
443,1,6.4,Mississippi Grind
444,1,7.4,They'll Love Me When I'm Dead
445,1,7.6,Kai Po Che!
447,1,6.2,Young Adult
452,1,6.8,The Exception
454,1,6.4,Wheelman
455,1,6.3,While We're Young
457,1,6.6,The Grandmaster
458,1,7.5,Bathtubs Over Broadway
460,1,7.6,I am Divine
461,1,7.0,King Jack
462,1,6.5,The Runaways
466,1,6.5,Sleeping with Other People
469,1,6.5,Master Z: Ip Man Legacy
470,1,6.9,Neruda
471,1,7.0,One Day
474,1,8.0,Harold and Lillian: A Hollywood Love Story
475,1,6.3,The Grinch
476,1,7.0,Qarib Qarib Singlle
477,1,7.7,Beasts of No Nation
478,1,6.5,Time Trap
480,1,7.1,Steve Martin and Martin Short: An Evening You Will Forget for the Rest of Your Life
481,1,7.0,Dance Academy: The Movie
482,1,6.9,White Fang
484,1,7.6,Elena
486,1,7.2,Talaash
487,1,7.4,Kevin Hart: Laugh at My Pain
491,1,7.2,Trash
492,1,6.7,The Photographer of Mauthausen
494,1,7.7,Forks Over Knives
496,1,7.8,Sanju
497,1,6.7,Blame!
498,1,7.6,Quincy
500,1,6.5,Bad Day for the Cut
501,1,6.9,We the Animals
502,1,7.0,Soul Surfer
504,1,5.8,Haywire
505,1,8.1,Pink
507,1,7.2,Cutie and the Boxer
508,1,6.4,The World Is Yours
509,1,6.3,Berlin Syndrome
511,1,6.5,Big Miracle
512,1,6.5,Tramps
513,1,7.7,Parmanu: The Story of Pokhran
514,1,6.6,Kursk
516,1,6.7,The Kindergarten Teacher
517,1,6.8,Stonehearst Asylum
518,1,7.8,"Nick Kroll & John Mulaney: Oh, Hello on Broadway"
522,1,6.5,Chappaquiddick
524,1,7.5,Mission Control: The Unsung Heroes of Apollo
525,1,7.0,Dukhtar
527,1,7.1,Kaabil
528,1,6.7,The Company Men
529,1,6.9,Studio 54
530,1,6.2,The Case for Christ
531,1,6.6,Outside In
532,1,6.5,Mowgli: Legend of the Jungle
533,1,6.3,Errementari: The Blacksmith and the Devil
536,1,8.0,I Am Kalam
537,1,7.4,PEEPLI [Live]
538,1,6.7,My Scientology Movie
539,1,7.5,Latin History for Morons: John Leguizamo's Road to Broadway
541,1,6.5,Behind the Curve
544,1,7.4,Tig
545,1,7.2,Patton Oswalt: Annihilation
548,1,7.0,The Bill Murray Stories: Life Lessons Learned from a Mythical Man
550,1,6.4,The Confirmation
552,1,7.1,Colonia
553,1,6.4,Free Fire
554,1,6.5,Life As We Know It
556,1,6.3,Cop Car
560,1,7.3,Prosecuting Evil: The Extraordinary World of Ben Ferencz
561,1,6.4,The Incident
563,1,6.2,American Assassin
566,1,6.4,Strong Island
568,1,6.9,Smoke & Mirrors
569,1,7.3,Sky Ladder: The Art of Cai Guo-Qiang
571,1,6.9,Raiders!: The Story of the Greatest Fan Film Ever Made
574,1,7.3,I Called Him Morgan
576,1,6.6,The Angel
577,1,6.4,Burlesque
578,1,7.1,My Masterpiece
579,1,7.6,Mr. Church
581,1,7.2,Audrie & Daisy
582,1,6.7,Miss Hokusai
583,1,6.6,Dumplin'
585,1,6.7,Breath
586,1,6.8,Kodachrome
587,1,6.7,Operation Red Sea
590,1,6.4,Laggies
592,1,8.3,Cowspiracy: The Sustainability Secret
597,1,6.2,Before I Wake
598,1,6.7,Layla M.
599,1,7.2,Mountain
601,1,6.3,Mr. Right
602,1,7.3,Tamasha
604,1,6.8,Quartet
607,1,6.4,Dolphin Tale 2
608,1,7.2,No One Killed Jessica
609,1,7.1,I Am Bolt
611,1,5.8,BuyBust
612,1,6.2,Advantageous
613,1,6.4,The Iron Lady
614,1,6.5,Son of a Gun
616,1,7.3,On My Skin
618,1,6.8,Raees
619,1,6.4,The Rover
620,1,8.2,Paan Singh Tomar
621,1,6.8,The Other Side of the Wind
622,1,7.5,The Garden of Words
623,1,6.7,The Legend of 420
624,1,7.7,Let It Fall: Los Angeles 1982-1992
625,1,7.4,Manto
626,1,8.0,Rainbow
627,1,5.8,Walking Out
628,1,7.1,Holy Hell
630,1,6.8,Jersey Boys
631,1,6.6,Flavors of Youth
632,1,6.4,Nappily Ever After
637,1,6.8,A Futile and Stupid Gesture
638,1,5.8,The Green Hornet
639,1,6.3,Dear John
640,1,6.8,Heroin(e)
641,1,7.4,Guzaarish
642,1,6.8,Imperial Dreams
644,1,6.3,13 Sins
646,1,6.4,Newness
647,1,6.2,Mr. Roosevelt
648,1,7.8,Justin Timberlake + The Tennessee Kids
649,1,5.7,Battle: Los Angeles
650,1,7.5,Hondros
651,1,6.4,When We First Met
652,1,6.6,(T)ERROR
656,1,6.6,Phantom Boy
657,1,7.1,Survivor's Guide to Prison
658,1,6.3,Transcendence
659,1,6.5,Jagga Jasoos
661,1,7.2,A Fortunate Man
662,1,8.1,Kahaani
665,1,6.1,Middle School: The Worst Years of My Life
666,1,5.8,The Little Hours
667,1,6.8,Aval
668,1,7.0,The Unknown Known
669,1,7.1,Kahlil Gibran's The Prophet
670,1,6.0,The Princess Switch
671,1,5.9,The Blackcoat's Daughter
672,1,7.0,What We Started
674,1,5.8,Into the Forest
675,1,7.3,God Knows Where I Am
677,1,7.5,The Rolling Stones: Olé Olé Olé! – A Trip Across Latin America
678,1,6.8,Sand Storm
679,1,6.5,From Paris with Love
681,1,6.8,I Am Jane Doe
682,1,6.1,Pee-wee's Big Holiday
683,1,6.6,Promised Land
684,1,6.6,Carrie Pilby
685,1,6.8,Seeing Allred
686,1,6.5,Goldstone
687,1,6.1,The Signal
689,1,6.5,Self/less
690,1,6.4,The Burial of Kojo
692,1,6.3,Headshot
693,1,7.4,Joan Didion: The Center Will Not Hold
694,1,6.0,Circle
695,1,6.5,Chris Rock: Tamborine
696,1,5.4,The Monster
698,1,7.6,The C Word
699,1,8.3,John Mulaney: New in Town
701,1,5.6,Mirror Mirror
702,1,6.8,Hasee Toh Phasee
703,1,7.6,Bhavesh Joshi Superhero
705,1,6.3,Wakefield
706,1,6.7,Wish I Was Here
707,1,6.8,Lu Over the Wall
708,1,6.1,Man of Tai Chi
710,1,6.6,Alive and Kicking
712,1,8.5,Louis C.K.: Hilarious
713,1,7.1,Notes on Blindness
714,1,6.1,The Kissing Booth
715,1,6.5,Horns
716,1,5.4,Emelie
717,1,7.5,Best Worst Thing That Ever Could Have Happened...
719,1,6.3,First Match
721,1,7.4,The Short Game
722,1,6.9,Sunday's Illness
723,1,6.7,Ten Years
726,1,5.9,The Ravenous
727,1,6.5,Animal World
729,1,6.8,Kevin Hart: Let Me Explain
731,1,7.1,Seoul Searching
732,1,6.3,The Keeping Hours
733,1,5.0,Kickboxer: Retaliation
734,1,7.0,Weed the People
735,1,6.0,Time Share
736,1,6.3,Johnny English Reborn
737,1,7.7,Fire in the Blood
738,1,6.8,Dil Dhadakne Do
739,1,6.2,6 Days
740,1,6.2,Morris from America
741,1,7.0,Joshua: Teenager vs. Superpower
742,1,7.7,Highway
743,1,6.2,Sweet Virginia
745,1,5.8,Manson Family Vacation
746,1,6.3,Benji
748,1,6.0,All About Nina
750,1,6.8,Mercury 13
751,1,5.9,Kevin Hart: What Now?
752,1,6.7,"Michael Bolton's Big, Sexy Valentine's Day Special"
754,1,6.4,ARQ
756,1,7.0,Quién te cantará
758,1,6.5,Love Off the Cuff
759,1,5.6,47 Meters Down
760,1,8.2,Udaan
761,1,6.2,Barakah Meets Barakah
764,1,6.4,Cardboard Gangsters
766,1,5.8,Sierra Burgess Is a Loser
767,1,6.6,Same Kind of Different as Me
768,1,5.2,Cult of Chucky
770,1,6.0,May the Devil Take You
772,1,6.4,Dovlatov
773,1,5.3,Jupiter Ascending
776,1,7.1,E-Team
777,1,6.4,Class Rank
778,1,5.5,Wildling
780,1,6.2,Win It All
782,1,7.4,Palm Trees in the Snow
784,1,7.3,Chasing Trane
785,1,6.9,Lady J
786,1,6.2,Voyeur
787,1,5.9,The Breaker Upperers
788,1,5.9,Dinner for Schmucks
789,1,8.0,Mike Birbiglia: My Girlfriend's Boyfriend
792,1,6.9,Mitt
793,1,5.6,Terrifier
794,1,5.8,Resident Evil: Afterlife
795,1,7.2,Conor McGregor: Notorious
796,1,6.4,Khoobsurat
798,1,6.3,The Ballad of Lefty Brown
800,1,7.6,The Untold Tales of Armistead Maupin
801,1,6.4,The Space Between Us
802,1,7.2,The Physician
803,1,7.0,Karthik Calling Karthik
804,1,6.3,Ginger & Rosa
805,1,5.7,White Girl
807,1,7.1,Look Who's Back
808,1,6.5,Ellen DeGeneres: Relatable
810,1,6.1,The Drug King
811,1,7.8,Long Time Running
812,1,6.2,Maps to the Stars
813,1,6.3,Lovesong
816,1,5.7,A Christmas Prince
817,1,5.1,Occupation
818,1,7.2,Marc Maron: Too Real
821,1,5.6,The Bling Ring
822,1,6.3,Pokémon the Movie: The Power of Us
824,1,6.0,The Tourist
825,1,6.4,God of War
826,1,6.5,Menashe
827,1,5.0,Lez Bomb
828,1,7.1,National Bird
832,1,5.8,Candy Jar
833,1,6.9,He Named Me Malala
834,1,7.3,Te3n
836,1,6.2,A Gray State
838,1,6.2,The Land of Steady Habits
841,1,6.0,My Big Night
842,1,7.0,Song for Marion
843,1,6.3,The Discovery
846,1,5.4,Lifechanger
847,1,5.7,Would You Rather
848,1,7.8,The Butterfly's Dream
850,1,8.3,Hasan Minhaj: Homecoming King
851,1,6.2,Una
853,1,6.5,Alone in Berlin
854,1,7.0,Dhobi Ghat
855,1,6.1,Burning Sands
857,1,6.2,We Are Your Friends
858,1,5.8,Barry
859,1,7.9,John Mulaney: The Comeback Kid
861,1,8.3,Bill Burr: You People Are All The Same
862,1,6.1,Bill Nye: Science Guy
863,1,6.1,Hit & Run
865,1,6.6,The Most Unknown
866,1,6.3,Mean Dreams
867,1,7.4,Ali Wong: Hard Knock Wife
868,1,7.3,Trophy
869,1,6.4,Dream Big: Engineering Our World
870,1,7.2,Toilet - Ek Prem Katha
871,1,6.1,Pope Francis: A Man of His Word
872,1,6.0,68 Kill
874,1,7.8,Berserk: The Golden Age Arc II - The Battle for Doldrey
875,1,7.9,Waar
876,1,6.3,14 Blades
879,1,5.8,Earth to Echo
880,1,6.1,Buster's Mal Heart
881,1,7.3,1000 Rupee Note
883,1,8.3,Taylor Swift: Reputation Stadium Tour
884,1,6.6,Hannibal Buress: Comedy Camisado
885,1,6.8,Tokyo Idols
890,1,7.3,City of Joy
891,1,5.3,Beyond Skyline
893,1,6.2,"As Above, So Below"
894,1,6.4,The Oath
895,1,5.5,The Cloverfield Paradox
896,1,5.6,Concussion
899,1,7.9,Berserk: The Golden Age Arc III - The Advent
901,1,6.9,2 States
902,1,6.2,The Rum Diary
903,1,6.5,Being AP
904,1,5.8,6 Balloons
907,1,7.4,Soorma
908,1,6.1,EMO the Musical
909,1,6.8,Abducted in Plain Sight
910,1,6.3,Secret in Their Eyes
911,1,6.6,Bon Cop Bad Cop 2
913,1,7.1,Rustom
914,1,5.7,The Debt Collector
915,1,5.4,Been So Long
916,1,6.3,Rampant
917,1,6.1,Automata
918,1,6.5,A Little Chaos
919,1,5.6,Don't Be Afraid of the Dark
924,1,6.2,The 4th Company
925,1,6.9,Amanda Knox
927,1,6.1,Anon
928,1,6.6,Brain on Fire
929,1,6.6,Gurgaon
930,1,5.6,A Bad Moms Christmas
933,1,6.5,Set It Up
934,1,5.6,The Golem
935,1,6.3,David Brent: Life on the Road
939,1,6.2,Lost in London
940,1,6.7,The Force
941,1,5.9,Jonathan
942,1,6.0,Chennai Express
943,1,7.6,Berserk: The Golden Age Arc I - The Egg of the King
944,1,6.8,To the Bone
945,1,6.2,Kabali
947,1,9.1,Natsamrat
948,1,6.2,Get Santa
949,1,6.1,Like Father
950,1,6.0,War Machine
951,1,6.1,Deidra & Laney Rob a Train
952,1,5.6,Here Alone
954,1,5.6,The Bounty Hunter
955,1,6.9,Feminists: What Were They Thinking?
958,1,6.5,Nobody Speak: Trials of the Free Press
959,1,8.4,Bill Burr: Let It Go
960,1,5.9,The Polka King
962,1,6.0,7:19
963,1,5.7,Happy Anniversary
965,1,5.7,Valentine's Day
966,1,6.0,The Lovers
967,1,6.6,Pari
968,1,5.6,Sleepless
969,1,5.9,How to Be a Latin Lover
970,1,6.2,Detour
971,1,7.9,Louis C.K.: Live at The Comedy Store
974,1,5.8,War on Everyone
977,1,6.1,Equals
980,1,7.7,The Bleeding Edge
981,1,7.0,S Is for Stanley
982,1,6.1,Hot Girls Wanted
985,1,6.6,Susanne Bartsch: On Top
986,1,7.1,Restless Creature: Wendy Whelan
988,1,7.4,Clive Davis: The Soundtrack of Our Lives
990,1,5.6,Goosebumps 2: Haunted Halloween
991,1,7.0,Boyka: Undisputed IV
992,1,7.0,National Parks Adventures
993,1,6.3,Sand Castle
994,1,7.2,Can't Help Falling in Love
997,1,6.6,The B-Side: Elsa Dorfman's Portrait Photography
998,1,5.7,The Bad Education Movie
999,1,7.8,Marco Polo: One Hundred Eyes
1000,1,6.9,Beyond the Clouds
1001,1,5.5,Below Her Mouth
1002,1,7.2,Norman Lear: Just Another Version of You
1003,1,6.0,A Tale of Love and Darkness
1005,1,6.2,"Roxanne, Roxanne"
1007,1,5.4,Results
1008,1,5.4,Hop
1009,1,5.9,Toro
1010,1,7.3,Reversing Roe
1011,1,7.3,Love Likes Coincidences
1014,1,7.6,Jim Gaffigan: Obsessed
1016,1,7.4,Bleach the Movie: Hell Verse
1017,1,8.4,Bo Burnham: Make Happy
1018,1,6.1,For Colored Girls
1020,1,6.3,The Art of the Steal
1023,1,5.3,A-X-L
1024,1,5.9,Orbiter 9
1026,1,5.5,The Package
1027,1,7.3,Satan & Adam
1028,1,7.1,Gantz:O
1029,1,6.4,Detective Dee: The Four Heavenly Kings
1030,1,5.8,Tau
1031,1,5.7,The Tiger Hunter
1034,1,5.3,Tusk
1035,1,5.4,Gemini
1036,1,5.7,Little Evil
1037,1,7.5,Tom Segura: Mostly Stories
1038,1,6.9,The Student
1039,1,6.0,My Entire High School Sinking Into the Sea
1040,1,6.3,Pokémon the Movie: I Choose You!
1041,1,7.4,What the Health
1042,1,8.5,Bo Burnham: What.
1044,1,5.9,Mine
1046,1,7.8,Jim Gaffigan: Mr. Universe
1047,1,4.7,God's Not Dead
1049,1,6.5,Don't Go Breaking My Heart
1050,1,5.5,Zero
1051,1,5.7,24 Hours to Live
1052,1,5.4,Dream Boat
1053,1,6.5,A Family Man
1054,1,6.3,The Outsider
1055,1,7.2,Into the Inferno
1056,1,5.5,The Nutcracker and the Four Realms
1057,1,5.9,Frank & Lola
1058,1,5.9,The Super
1059,1,5.8,Adventures in Public School
1060,1,6.5,Lust Stories
1061,1,5.5,A Very Murray Christmas
1062,1,7.3,Four Sisters And A Wedding
1063,1,5.4,The Trust
1064,1,8.0,Struggle: The Life and Lost Art of Szukalski
1065,1,6.2,Dean
1067,1,5.8,In Darkness
1068,1,5.7,Rowdy Rathore
1071,1,6.3,Mindhorn
1072,1,6.5,WHAT DID JACK DO?
1075,1,5.1,13 Cameras
1076,1,6.4,SampleThis
1077,1,5.7,Come and Find Me
1079,1,5.7,An Interview with God
1082,1,6.2,My Ex & Whys
1084,1,6.2,The Rachel Divide
1086,1,7.3,Teefa in Trouble
1087,1,7.4,Sadece Sen
1089,1,7.6,Room on the Broom
1091,1,5.6,6 Years
1093,1,6.1,Semana Santa
1094,1,6.1,Hostages
1095,1,7.6,Do Dooni Chaar
1096,1,5.9,The Captive
1097,1,6.4,Irreplaceable You
1099,1,6.4,Barbecue
1100,1,6.2,Dark Places
1101,1,5.3,Head Count
1102,1,4.8,Await Further Instructions
1103,1,7.9,Neal Brennan: 3 Mics
1104,1,6.7,Belgica
1106,1,7.9,"Houston, We Have a Problem!"
1107,1,5.3,The Bad Batch
1108,1,7.3,Pee Mak Phrakanong
1110,1,6.9,The Resistance Banker
1112,1,6.4,Jeremiah Tower: The Last Magnificent
1113,1,6.2,Closed Circuit
1114,1,5.5,At First Light
1117,1,6.7,I'll See You in My Dreams
1118,1,5.3,Superlópez
1119,1,5.7,The Skin of the Wolf
1121,1,6.3,OtherLife
1122,1,7.6,Habibie & Ainun
1123,1,5.6,Cop Out
1125,1,7.1,Fittest On Earth (The Story of the 2015 Reebok CrossFit Games)
1126,1,7.9,The Ivory Game
1127,1,5.5,Unicorn Store
1128,1,5.7,Acts of Vengeance
1129,1,7.1,Stink!
1130,1,5.3,The Green Inferno
1132,1,5.1,The Lodgers
1133,1,7.5,No Game No Life: Zero
1135,1,6.1,Standoff
1136,1,6.2,Life 2.0
1137,1,6.6,The Awakening of Motti Wolkenbruch
1138,1,7.9,Ricky Gervais: Humanity
1139,1,7.6,Avicii: True Stories
1140,1,7.1,Unacknowledged
1141,1,6.7,Shot! The Psycho-Spiritual Mantra of Rock
1142,1,6.5,The Incredible Jessica James
1143,1,5.7,The Do-Over
1144,1,4.9,The Vatican Tapes
1145,1,7.3,Aziz Ansari: Buried Alive
1148,1,6.3,The Invisible Guardian
1154,1,7.2,Riphagen The Untouchable
1155,1,8.5,Punjab 1984
1156,1,6.2,5 Flights Up
1157,1,6.0,iBoy
1158,1,8.1,Jim Jefferies: Bare
1159,1,5.8,Goon: Last of the Enforcers
1160,1,5.6,Life After Beth
1161,1,6.1,Take Me
1163,1,6.8,And Breathe Normally
1164,1,5.8,The Tribes of Palos Verdes
1166,1,5.6,I Am Michael
1167,1,7.2,Crazy Beautiful You
1168,1,5.6,House at the End of the Street
1170,1,5.7,The New Romantic
1173,1,7.2,Ghost in the Shell Arise - Border 1: Ghost Pain
1174,1,7.7,Mersal
1175,1,7.5,Ali Wong: Baby Cobra
1176,1,7.6,Mucize
1177,1,5.4,Mute
1178,1,5.7,Seal Team Six: The Raid on Osama Bin Laden
1179,1,6.0,Radio Rebel
1180,1,5.4,The Warriors Gate
1181,1,7.1,Shrek the Musical
1182,1,6.5,Blind Detective
1184,1,6.0,Dream House
1186,1,5.3,Duck Butter
1187,1,6.8,Arjun: The Warrior Prince
1188,1,8.0,A Plastic Ocean
1191,1,5.7,Skiptrace
1197,1,5.5,"Fireworks, Should We See It from the Side or the Bottom?"
1199,1,5.7,Rangoon
1202,1,6.5,The Motive
1204,1,5.9,Come Sunday
1206,1,6.3,Country Strong
1209,1,6.3,Apostle
1210,1,6.4,Message from the King
1211,1,6.1,"Crouching Tiger, Hidden Dragon: Sword of Destiny"
1215,1,5.7,Revenger
1217,1,7.3,American Circumcision
1218,1,7.1,Raajneeti
1219,1,6.8,Shepherds and Butchers
1223,1,6.6,For Greater Glory: The True Story of Cristiada
1224,1,5.0,Happy New Year
1225,1,4.4,Between Worlds
1227,1,4.9,Savage Dog
1229,1,6.3,Close Enemies
1230,1,6.7,Tony Robbins: I Am Not Your Guru
1232,1,6.6,Umrika
1234,1,6.7,Iliza Shlesinger: War Paint
1236,1,5.1,The Hurricane Heist
1238,1,7.5,Bana Masal Anlatma
1239,1,5.6,Submission
1240,1,5.4,Barely Lethal
1241,1,5.5,Rodney King
1243,1,5.8,Buffalo Boys
1244,1,6.4,Barbie: Princess Charm School
1247,1,6.0,Flock of Four
1252,1,7.3,Naruto Shippuden the Movie: Blood Prison
1253,1,5.9,3 Generations
1254,1,7.6,Miss Representation
1256,1,5.2,A Christmas Prince: The Royal Wedding
1257,1,4.5,XX
1260,1,7.5,100 Meters
1262,1,7.5,Maktub
1263,1,7.3,Ghost in the Shell Arise - Border 2: Ghost Whispers
1267,1,5.4,Bullet Head
1268,1,6.1,Moonwalkers
1272,1,5.8,Patrick
1275,1,5.1,Holidays
1276,1,7.6,Tom Segura: Disgraceful
1277,1,5.7,Alt-Right: Age of Rage
1279,1,8.0,Mission Blue
1280,1,7.4,Chillar Party
1281,1,5.7,Mascots
1282,1,7.3,Bill Burr: Walk Your Way Out
1285,1,8.0,Angamaly Diaries
1287,1,7.8,Anthony Jeselnik: Thoughts and Prayers
1289,1,7.4,Long Shot
1291,1,6.2,Aarakshan
1293,1,7.0,Eyyvah Eyvah
1294,1,6.7,Minimalism: A Documentary About the Important Things
1295,1,5.5,The Outcasts
1297,1,6.2,Black Snow
1298,1,6.2,Tad the Lost Explorer and the Secret of King Midas
1300,1,6.6,Pandora
1302,1,5.8,La tribu
1304,1,6.2,Force 2
1305,1,7.4,Bert Kreischer: Secret Time
1306,1,6.3,Bad Rap
1309,1,5.2,He's Out There
1310,1,7.1,The Seven Deadly Sins: Prisoners of the Sky
1311,1,8.7,Eh Janam Tumhare Lekhe
1313,1,6.3,I Am Not an Easy Man
1315,1,7.5,Donald Glover: Weirdo
1316,1,7.4,Once Upon a Time in Mumbaai
1317,1,6.9,Iliza Shlesinger: Freezing Hot
1318,1,5.4,Yucatán
1319,1,5.8,Trespass Against Us
1321,1,5.3,Sinister 2
1323,1,6.2,Bobbi Jene
1325,1,7.1,A Second Chance
1326,1,7.0,Ajji
1328,1,6.7,Our Lovers
1329,1,5.0,A Haunted House
1331,1,8.1,Attacking the Devil: Harold Evans and the Last Nazi War Crime
1333,1,7.5,Jeff Dunham: Controlled Chaos
1334,1,7.4,APEX: The Story of the Hypercar
1335,1,8.4,Life in the Doghouse
1336,1,7.7,Jim Jefferies: Freedumb
1337,1,5.9,Little Boxes
1339,1,7.6,Kevin Hart: Seriously Funny
1342,1,7.5,U Turn
1344,1,5.8,The After Party
1345,1,7.2,Love per Square Foot
1346,1,7.3,Sad Hill Unearthed
1347,1,7.5,That Thing Called Tadhana
1349,1,5.1,Sandy Wexler
1350,1,4.9,Kickboxer: Vengeance
1351,1,5.7,Christmas Inheritance
1352,1,4.5,Sex and the City 2
1355,1,5.3,The Most Assassinated Woman in the World
1356,1,8.6,Merku Thodarchi Malai
1358,1,7.7,89
1359,1,5.2,Bushwick
1360,1,7.5,Mike Birbiglia: Thank God for Jokes
1361,1,5.2,Dilwale
1362,1,7.1,Kung Fu Panda: Secrets of the Scroll
1363,1,7.2,Trevor Noah: Afraid of the Dark
1365,1,7.2,The Death and Life of Marsha P. Johnson
1367,1,6.7,Asperger's Are Us
1368,1,4.7,Hard Tide
1369,1,7.4,Dream/Killer
1370,1,7.2,She's Dating the Gangster
1372,1,5.2,Ibiza
1373,1,5.4,Jailbreak
1374,1,5.4,"Game Over, Man!"
1377,1,7.1,Starting Over Again
1378,1,5.2,Apollo 18
1379,1,6.9,The Climb
1380,1,5.9,Strange Weather
1381,1,6.2,Rolling Papers
1382,1,7.1,My Beautiful Broken Brain
1384,1,7.1,Derren Brown: Sacrifice
1385,1,7.5,Joe Rogan: Triggered
1386,1,5.0,Chernobyl Diaries
1387,1,6.8,Kung Fu Panda Holiday
1388,1,6.1,The Sea of Trees
1389,1,5.4,Room for Rent
1391,1,7.0,The African Doctor
1392,1,6.8,Nothing to Hide
1393,1,6.4,All Good
1394,1,6.0,Cut Bank
1395,1,8.2,Skydancers
1396,1,5.5,Casa De Mi Padre
1397,1,5.2,Baaghi
1399,1,6.2,Opening Night
1400,1,5.3,Demonic
1402,1,5.9,True Memoirs of an International Assassin
1403,1,7.1,Sour Apples
1407,1,7.2,5 cm
1408,1,5.3,Friend Request
1409,1,7.1,The Art of Loving: Story of Michalina Wislocka
1411,1,7.7,When Two Worlds Collide
1412,1,6.6,Blind Date
1414,1,5.8,The Duel
1415,1,5.5,The Hunter's Prayer
1416,1,7.0,Naruto Shippuden the Movie: The Lost Tower
1417,1,7.8,Tom Segura: Completely Normal
1419,1,5.0,Silent Hill: Revelation 3D
1420,1,5.2,Hangman
1421,1,7.2,"Norm Macdonald: Hitler's Dog, Gossip & Trickery"
1422,1,6.4,Haraamkhor
1423,1,5.8,Lila & Eve
1424,1,7.7,Monty Python Live (Mostly)
1426,1,5.5,Ordinary World
1429,1,5.8,Ek Main Aur Ekk Tu
1430,1,5.9,The Warning
1432,1,7.3,Lupt
1433,1,5.7,The Plagues of Breslau
1436,1,6.2,Shimmer Lake
1438,1,5.7,Mohenjo Daro
1440,1,5.7,Barbie: The Princess & The Popstar
1443,1,7.7,I See You
1444,1,5.8,American Anarchist
1447,1,7.0,Dragons: Dawn Of The Dragon Racers
1449,1,7.2,Jimmy Carr: Funny Business
1450,1,6.7,Baazaar
1451,1,5.1,The Week Of
1452,1,5.6,Lady Bloodfight
1454,1,7.0,Look & See: A Portrait of Wendell Berry
1456,1,4.5,Mohawk
1457,1,7.6,K-On! The Movie
1458,1,8.7,Untamed Romania
1459,1,6.8,Sarkar
1460,1,5.0,Bokeh
1461,1,6.3,W.E.
1464,1,6.8,Barcelona: A Love Untold
1466,1,7.0,Everyday I Love You
1467,1,5.1,Across the Line
1469,1,6.1,Casting JonBenet
1470,1,6.2,Burn Out
1471,1,6.7,Giant
1472,1,5.3,By the Sea
1473,1,6.0,Illang: The Wolf Brigade
1474,1,7.2,The Perfect Dictatorship
1475,1,7.1,"LSD: Love, Sex aur Dhokha"
1479,1,7.0,Jerry Before Seinfeld
1480,1,7.3,Jim Jefferies: This Is Me Now
1481,1,4.7,Hope Springs Eternal
1482,1,6.4,Take Your Pills
1484,1,5.6,Mubarakan
1485,1,5.5,Vincent N Roxxy
1488,1,5.2,USS Indianapolis: Men of Courage
1490,1,6.7,Pachamama
1491,1,6.0,Godzilla: Planet of the Monsters
1493,1,7.1,Steel Rain
1494,1,7.2,Iliza Shlesinger: Elder Millennial
1495,1,8.2,Sudani from Nigeria
1496,1,5.0,Tremors: A Cold Day in Hell
1497,1,5.9,Rainbow Time
1500,1,4.1,The Last Airbender
1501,1,7.1,Print the Legend
1502,1,5.4,Step Sisters
1504,1,6.8,The Fury of a Patient Man
1505,1,5.5,Tini: The New Life of Violetta
1506,1,5.9,Speech & Debate
1507,1,6.6,Gagarin: First in Space
1509,1,6.8,Yes or No
1511,1,5.9,Backtrack
1512,1,7.7,Warehoused
1513,1,5.1,Don't Knock Twice
1514,1,5.7,Delirium
1515,1,8.2,Thithi
1516,1,7.4,Joe Rogan: Strange Times
1517,1,6.7,Froning: The Fittest Man In History
1518,1,7.4,Demetri Martin: Live (At The Time)
1520,1,5.0,Postcards from London
1521,1,7.1,Keith Richards: Under the Influence
1522,1,7.0,Angela's Christmas
1524,1,5.7,Barbie: A Fairy Secret
1528,1,6.6,Eyyvah Eyvah 2
1529,1,7.1,Solo
1531,1,5.5,Money
1532,1,6.2,Trolls Holiday
1534,1,7.7,Walt Disney Animation Studios Short Films Collection
1535,1,6.5,Rukh
1537,1,6.0,Battle
1538,1,8.6,Luciano Mellera: Infantiloide
1541,1,5.8,Special Correspondents
1543,1,5.8,Small Crimes
1544,1,4.6,The Assignment
1547,1,5.7,A Perfect Ending
1548,1,6.4,Full Out
1549,1,7.3,Mad World
1550,1,7.1,Wedding Association
1551,1,6.3,Agatha and the Truth of Murder
1552,1,5.3,Love Beats Rhymes
1553,1,6.7,Public Works
1554,1,6.7,Running Shaadi
1555,1,6.7,Toc Toc
1558,1,6.5,1898: Our Last Men in the Philippines
1559,1,6.9,Kara Bela
1561,1,6.7,Lion's Heart
1562,1,4.1,Jem and the Holograms
1563,1,6.7,Rakuen Tsuihou - Expelled from Paradise
1564,1,5.8,Godzilla: City on the Edge of Battle
1566,1,5.8,Burlesque: Heart of the Glitter Tribe
1569,1,5.0,How It Ends
1570,1,6.3,Holy Camp!
1571,1,5.7,El Camino Christmas
1572,1,6.7,The Lighthouse of the Orcas
1573,1,7.9,Seven Sundays
1575,1,5.6,Search Party
1576,1,6.3,The Legend of Cocaine Island
1577,1,6.2,Barbie in A Mermaid Tale
1578,1,6.8,Dabbe: Cin Çarpması
1579,1,7.2,Ghost in the Shell Arise - Border 3: Ghost Tears
1581,1,8.4,Love Ni Bhavai
1582,1,4.8,Malevolent
1583,1,6.3,Dayveon
1585,1,5.1,Paper Year
1589,1,7.0,Chelsea Peretti: One of the Greats
1590,1,6.0,The Wedding Party
1592,1,6.9,Katherine Ryan: In Trouble
1595,1,5.5,Red Istanbul
1596,1,5.9,Swearnet: The Movie
1598,1,4.6,The Scorpion King: Book of Souls
1599,1,5.4,I Am Wrath
1600,1,6.6,Aziz Ansari: Live at Madison Square Garden
1601,1,6.8,Paskal: The Movie
1603,1,6.7,Goyo: The Boy General
1604,1,4.4,Tales from the Hood 2
1605,1,5.4,The Little Vampire 3D
1608,1,5.3,XOXO
1609,1,7.5,Rudy Habibie
1610,1,6.7,For Here or to Go?
1611,1,6.6,Spyder
1612,1,5.2,Social Animals
1616,1,5.2,Fun Mom Dinner
1617,1,5.9,Kristy
1619,1,5.4,Lavender
1622,1,5.7,After Porn Ends
1623,1,5.5,City of Tiny Lights
1624,1,7.2,Love in a Puff
1626,1,6.6,Hank: 5 Years from the Brink
1627,1,7.7,Judah Friedlander: America Is the Greatest Country in the United States
1628,1,6.7,Kid Kulafu
1629,1,7.0,Vince & Kath & James
1631,1,7.1,Greg Davies: You Magnificent Beast
1633,1,7.0,Ronnie Coleman: The King
1635,1,4.8,The Titan
1637,1,4.3,Half Girlfriend
1638,1,5.5,God Bless the Broken Road
1640,1,7.2,Demetri Martin: The Overthinker
1642,1,6.0,The Boy Who Cried Werewolf
1644,1,5.8,Bayonet
1645,1,7.1,Jim Gaffigan: Cinco
1646,1,6.0,Cezanne and I
1647,1,7.9,Diana: In Her Own Words
1649,1,5.7,The Tenth Man
1650,1,6.2,Much Loved
1655,1,6.9,Heal
1657,1,5.2,Death Race: Beyond Anarchy
1658,1,6.8,Patton Oswalt: Talking for Clapping
1659,1,5.1,Mara
1661,1,4.8,The Ridiculous 6
1663,1,6.5,Big Time Movie
1664,1,7.0,I Fine..Thank You..Love You
1665,1,5.3,Puerto Ricans in Paris
1666,1,7.6,Njan Prakashan
1667,1,5.6,Skin Trade
1668,1,8.1,Sebastian Maniscalco: What's Wrong with People?
1669,1,6.5,My Little Pony: Equestria Girls - Friendship Games
1670,1,6.2,Monster High: Great Scarrier Reef
1674,1,6.6,Iliza Shlesinger: Confirmed Kills
1676,1,6.5,Jinxed
1677,1,6.6,Birdshot
1678,1,6.5,The Eichmann Show
1679,1,6.4,Boy Missing
1680,1,4.3,Cats & Dogs: The Revenge of Kitty Galore
1681,1,6.4,Sardaar Ji
1682,1,6.8,Rocky Handsome
1683,1,5.9,Psychokinesis
1685,1,6.8,Sarah Silverman: A Speck of Dust
1686,1,5.3,Jab Harry Met Sejal
1687,1,4.8,The Roommate
1689,1,5.8,Stephanie
1690,1,4.8,The Vault
1691,1,6.5,Theatre of Life
1692,1,7.5,Why Me?
1693,1,5.4,Naked
1694,1,6.0,The Laws of Thermodynamics
1695,1,7.6,The Gospel of John
1698,1,5.2,#realityhigh
1699,1,6.4,Bride for Rent
1703,1,6.9,Fukrey
1704,1,5.7,Some Kind of Beautiful
1705,1,4.5,I Am the Pretty Thing That Lives in the House
1707,1,5.2,Father of the Year
1708,1,5.2,The Adderall Diaries
1710,1,6.2,Wedding Unplanned
1711,1,6.3,CRD
1712,1,7.3,Bad Seeds
1713,1,8.2,Armed to the Teeth
1714,1,7.0,A Leaf of Faith
1715,1,6.8,7 Años
1716,1,4.7,Ready
1717,1,6.3,ABCD
1719,1,5.5,The Legacy of a Whitetail Deer Hunter
1722,1,5.1,Clinical
1724,1,6.2,Sun Dogs
1725,1,6.3,Thor: Tales of Asgard
1727,1,6.2,How to Get Over a Breakup
1729,1,7.4,Marc Maron: Thinky Pain
1730,1,5.0,First Kill
1731,1,7.5,Barbra: The Music ... The Mem'ries ... The Magic!
1732,1,7.9,Ee Nagaraniki Emaindi
1733,1,5.4,Miss Julie
1736,1,7.1,Michael Che Matters
1737,1,6.8,Theo Who Lived
1738,1,7.2,Everything About Her
1741,1,6.3,The Journey Is the Destination
1743,1,4.2,The Bye Bye Man
1744,1,6.0,Lady-Like
1745,1,7.3,Extremis
1746,1,5.6,Gnome Alone
1747,1,5.5,Naomi and Ely's No Kiss List
1751,1,3.5,Spy Kids: All the Time in the World
1753,1,5.8,Rajma Chawal
1754,1,7.0,You Carry Me
1755,1,5.7,Monster High: Electrified
1756,1,6.1,Running for Grace
1757,1,6.8,Saving Capitalism
1758,1,7.1,End Game
1759,1,8.0,Story of an Egg
1761,1,4.2,The Little Mermaid
1762,1,4.7,Eerie
1764,1,6.3,No Other Woman
1765,1,7.5,Invisible Essence: The Little Prince
1766,1,6.3,Naam Shabana
1767,1,7.3,Girls & Panzer: The Movie
1769,1,6.0,Humpty Sharma Ki Dulhania
1770,1,6.5,Chris D'Elia: Incorrigible
1771,1,6.8,Lommbock
1773,1,6.7,It Takes A Man And A Woman
1774,1,6.7,Good Luck
1775,1,5.7,Birthmarked
1776,1,5.1,Zapped
1779,1,8.2,Dave Chappelle: Equanimity
1781,1,7.2,My Stupid Boss
1782,1,7.2,Zion
1783,1,5.7,Mr. Pig
1784,1,5.8,Loev
1785,1,7.9,Manu
1789,1,6.8,Sister Cities
1790,1,7.1,Janaan
1794,1,7.5,Eddie: Strongman
1795,1,6.4,Bolbol Hayran
1796,1,5.4,ABCD 2
1798,1,6.2,The Love Affair
1799,1,7.1,We Are Young. We Are Strong.
1801,1,6.6,The Black Prince
1802,1,7.5,Kuchh Bheege Alfaaz
1803,1,7.0,Kingdom of Us
1804,1,6.4,My Little Pony: Equestria Girls - Legend of Everfree
1805,1,7.6,Pa Paandi
1806,1,4.8,The Humanity Bureau
1807,1,5.5,Barbie in Princess Power
1808,1,5.3,Big Kill
1810,1,5.2,Girlfriend's Day
1814,1,5.1,All I Wish
1815,1,6.1,İncir Reçeli 2
1816,1,4.9,I Don't Know How She Does It
1817,1,5.5,Bob Lazar: Area 51 and Flying Saucers
1820,1,6.3,Out of Thin Air
1821,1,7.1,Jeff Dunham: Minding the Monsters
1823,1,7.2,Highly Strung
1824,1,7.4,Gabriel Iglesias: I'm Sorry for What I Said When I Was Hungry
1825,1,7.7,Bert Kreischer: The Machine
1826,1,6.6,The Music of Silence
1827,1,5.1,The Feels
1828,1,7.1,Russell Peters: Notorious
1829,1,7.1,Jeff Dunham: All Over the Map
1830,1,5.9,Sara's Notebook
1831,1,7.9,Surga yang Tak Dirindukan
1833,1,6.0,93 Days
1834,1,5.9,Phantom
1835,1,5.8,Catfight
1836,1,5.6,Ayat-Ayat Cinta 2
1837,1,6.3,Munafik 2
1839,1,4.9,Dark Crimes
1840,1,8.5,Tim Minchin and the Heritage Orchestra: Live at the Royal Albert Hall
1841,1,6.1,Your Son
1842,1,6.4,B.A. Pass
1843,1,5.8,Hostage to the Devil
1845,1,5.3,Visions
1846,1,6.1,The Most Hated Woman in America
1847,1,6.5,The Silence of the Sky
1850,1,8.0,Wrong Side Raju
1851,1,5.5,Good People
1852,1,6.0,Devil's Bride
1856,1,6.5,Government Woman
1857,1,4.7,Hoodwinked Too! Hood VS. Evil
1859,1,5.9,Yol Arkadaşım 2
1860,1,6.4,Anaarkali of Aarah
1864,1,7.4,From One Second to the Next
1865,1,3.6,Swiped
1866,1,7.4,Freedom at Midnight
1867,1,6.4,Jeff Dunham: Relative Disaster
1868,1,5.3,Loving
1870,1,5.8,Rocco
1871,1,6.4,The Cell
1872,1,5.0,Gori Tere Pyaar Mein
1873,1,6.4,Operações Especiais
1875,1,6.9,Summer of '92
1876,1,6.8,Power of Grayskull: The Definitive History of He-Man and the Masters of the Universe
1877,1,7.2,Waiting
1878,1,7.2,Shor in the City
1881,1,6.0,Dabbe 5: Zehr-i Cin
1882,1,6.6,Chris D'Elia: Man on Fire
1883,1,6.3,Chris Tucker Live
1884,1,5.7,The Rehearsal
1885,1,7.4,Diana: 7 Days That Shook the Windsors
1887,1,8.1,Muramba
1888,1,7.2,Ho Mann Jahaan
1889,1,6.1,Yol Arkadaşım
1891,1,7.4,Love for Sale
1892,1,6.8,Vir Das: Abroad Understanding
1893,1,6.7,Wrong No.
1894,1,5.5,Sahara
1895,1,6.6,Stereo
1896,1,5.6,Be Somebody
1899,1,7.7,Derren Brown: The Push
1900,1,5.8,Off Course
1901,1,6.4,Düğün Dernek 2: Sünnet
1903,1,6.7,Sarajevo
1904,1,6.4,Balu Mahi
1907,1,7.3,Mortified Nation
1908,1,6.3,The Mistress
1909,1,5.4,Don Verdean
1910,1,5.3,Tremors 5: Bloodlines
1911,1,7.6,The Sinking of Van Der Wijck
1913,1,6.6,Mary's Land
1914,1,7.3,Olmo and the Seagull
1915,1,5.1,Sister In Law
1916,1,7.4,"The Other One: The Long, Strange Trip of Bob Weir"
1917,1,7.3,Sebastian Maniscalco: Why Would You Do That?
1919,1,6.9,Emmanuel Macron: Behind the Rise
1920,1,7.1,Aadu 2
1921,1,5.1,Dude
1922,1,7.6,Franca: Chaos and Creation
1923,1,7.1,Shéhérazade
1925,1,6.7,Motu Patlu: King Of Kings
1926,1,5.6,I Hate Luv Storys
1927,1,5.6,Küçük Esnaf
1928,1,6.7,The Chosen Ones
1930,1,6.6,Consequences
1932,1,5.1,The Clapper
1933,1,6.1,7 Khoon Maaf
1934,1,7.2,Very Big Shot
1935,1,7.3,Barça Dreams
1937,1,6.1,Frank and Cindy
1939,1,6.3,Catwalk: Tales from the Catshow Circuit
1940,1,7.5,SuckSeed
1941,1,5.6,Perdida
1943,1,6.1,In the Shadow of Iris
1946,1,7.4,Tyke Elephant Outlaw
1947,1,5.1,Dragonheart 3: The Sorcerer's Curse
1948,1,6.3,Jackass Presents: Bad Grandpa .5
1949,1,5.7,Barbie: Spy Squad
1950,1,6.4,David Cross: Making America Great Again
1952,1,7.1,The Carter Effect
1955,1,5.5,Jarhead 2: Field of Fire
1957,1,6.5,Euphoria
1958,1,7.3,Growing Up Wild
1959,1,5.3,After Porn Ends 3
1960,1,4.8,Havenhurst
1961,1,6.8,Monster High: New Ghoul at School
1962,1,6.3,Like Arrows
1963,1,6.2,LEGO Marvel Super Heroes: Avengers Reassembled!
1964,1,7.4,Forever Pure
1965,1,4.5,God's Not Dead: A Light in Darkness
1966,1,7.6,A Grand Night In: The Story of Aardman
1967,1,7.5,Taramani
1968,1,5.5,Rip Tide
1971,1,6.1,Katt Williams: Great America
1973,1,3.8,Judwaa 2
1974,1,3.8,Singularity
1975,1,7.2,Gad Elmaleh: American Dream
1976,1,5.7,Kis Kisko Pyaar Karoon
1977,1,6.1,The Incredible Story of the Giant Pear
1978,1,4.7,The Heretics
1979,1,8.7,One Heart: The A.R. Rahman Concert Film
1980,1,7.6,Samantaral
1981,1,5.6,The Girl from the Song
1982,1,8.2,Tikli and Laxmi Bomb
1984,1,6.2,River's Edge
1985,1,5.2,Battle Drone
1986,1,6.6,Puriyaatha Puthir
1990,1,6.6,Ana e Vitória
1991,1,6.2,The Last Hangover
1992,1,6.6,LEGO DC Comics Super Heroes: Batman: Be-Leaguered
1994,1,6.8,Ghost of the Mountains
1995,1,5.4,Pottersville
1996,1,5.1,Riot
1997,1,7.3,The Last Resort
1998,1,6.2,He Even Has Your Eyes
2000,1,6.8,Jim Norton: Mouthful of Shame
2001,1,6.2,Barbie & Her Sisters in A Pony Tale
2002,1,6.6,Luv Shuv Tey Chicken Khurana
2003,1,8.0,My Little Pony: Best Gift Ever
2004,1,6.6,Tig Notaro: Happy To Be Here
2005,1,7.2,Surga Yang Tak Dirindukan 2
2006,1,7.6,Pahuna: The Little Visitors
2007,1,5.8,Azhar
2008,1,5.2,Never Heard
2010,1,6.4,Ferrari Ki Sawaari
2012,1,6.2,Hedefim Sensin
2013,1,6.0,Barbie in Rock 'N Royals
2016,1,6.1,Raja Natwarlal
2017,1,5.6,Mother
2022,1,6.5,Clair Obscur
2025,1,5.6,Monster High: Welcome to Monster High
2026,1,5.8,"Liar, Liar, Vampire"
2027,1,6.2,Kurtuluş Son Durak
2028,1,7.1,Late Life: The Chien-Ming Wang Story
2029,1,6.6,The Lion Woman
2030,1,4.4,Blood Money
2031,1,5.8,Husband Factor: Resurrection
2032,1,6.4,Hari Kondabolu: Warn Your Relatives
2033,1,6.5,Recovery Boys
2034,1,6.3,Selfie 69
2035,1,5.2,Albion: The Enchanted Stallion
2036,1,6.6,Manje Bistre
2037,1,5.6,Laaf Wa Dawaraan
2038,1,7.3,Ryan Hamilton: Happy Face
2039,1,5.2,Mojave
2040,1,6.3,A Week in Watts
2041,1,6.0,The Unmarried Wife
2042,1,8.4,Gardeners of Eden
2044,1,6.9,Jack Whitehall: At Large
2045,1,5.2,Jarhead 3: The Siege
2047,1,6.5,The Girl Allergic to Wi-Fi
2048,1,5.8,Legends of the Hidden Temple
2049,1,5.5,Term Life
2052,1,5.3,Aiyaary
2053,1,6.8,Jen Kirkman: I'm Gonna Die Alone (And I Feel Fine)
2054,1,6.2,Zindagi Kitni Haseen Hay
2055,1,6.1,Milada
2056,1,4.2,Sabrina
2057,1,4.5,Sex Doll
2058,1,6.1,Spy Time
2060,1,7.0,Vir Das: Losing It
2061,1,6.3,The 101-Year-Old Man Who Skipped Out on the Bill and Disappeared
2063,1,5.8,We Need to Talk
2065,1,5.5,Hypersomnia
2066,1,6.3,Bygones Be Bygones
2067,1,8.0,Shuddhi
2069,1,6.5,Fasel Wa Naoud
2070,1,4.9,The Last Face
2073,1,5.8,Break Up 100
2074,1,7.1,An Hour and a Half
2075,1,7.4,Garfunkel and Oates: Trying to be Special
2077,1,7.6,Monty Python: The Meaning of Live
2078,1,5.7,Singh Saab the Great
2079,1,5.6,Patiala House
2080,1,4.6,Deliha
2081,1,5.7,Duck Duck Goose
2082,1,5.4,Alpha and Omega: The Legend of the Saw Tooth Cave
2084,1,7.1,The Real Miyagi
2086,1,7.4,Transformer
2087,1,6.9,What a Wonderful Family!
2088,1,5.3,A Champion Heart
2090,1,5.1,Chronically Metropolitan
2091,1,6.2,Lucknow Central
2092,1,6.6,Jeff Dunham: Unhinged in Hollywood
2094,1,5.7,Dab6e
2097,1,6.2,Pizza
2099,1,5.7,Chris Brown: Welcome to My Life
2100,1,4.4,The Drowning
2102,1,5.1,Heroine
2104,1,5.7,Wild Oats
2107,1,4.6,You Get Me
2109,1,5.9,Deuces
2111,1,5.8,Gridlocked
2113,1,7.1,Jo Koy: Live from Seattle
2115,1,6.3,Whitney Cummings: Money Shot
2116,1,5.1,Alpha and Omega 2: A Howl-iday Adventure
2117,1,4.4,Mac & Devin Go to High School
2118,1,6.2,Husband Factor
2120,1,4.2,Judy Moody and the Not Bummer Summer
2122,1,5.8,Chelsea Handler: Uganda Be Kidding Me Live
2124,1,6.2,The Plane Tree
2125,1,8.1,Shonar Pahar
2126,1,6.4,"Dana Carvey: Straight White Male, 60"
2127,1,6.7,Pulang
2128,1,6.2,Cities of Last Things
2129,1,7.8,Betty White: First Lady of Television
2131,1,5.1,Tinker'
2132,1,7.0,Grandmaster
2134,1,5.4,Fitoor
2135,1,7.8,Derren Brown: Miracles for Sale
2136,1,6.0,The Killer
2138,1,4.4,White Chamber
2139,1,6.6,100 Days of Loneliness
2140,1,6.3,The Crew
2141,1,6.0,Curtiz
2142,1,5.3,Dragonheart: Battle for the Heartfire
2143,1,4.1,Woody Woodpecker
2145,1,5.6,Annabelle Hooper and the Ghosts of Nantucket
2146,1,7.0,Ninjago: Masters of Spinjitzu - Day of the Departed
2147,1,6.6,Joy
2149,1,6.0,6-5=2
2150,1,6.8,Single
2153,1,5.6,Getaway Plan
2155,1,5.7,Heirs
2156,1,7.4,Russell Howard: Recalibrate
2157,1,6.1,The Third Party
2158,1,6.1,Jack of all Trades
2159,1,5.1,The 3rd Eye
2160,1,6.7,Jen Kirkman: Just Keep Livin'?
2161,1,5.3,Revenge of the Green Dragons
2163,1,5.4,Mostly Sunny
2164,1,6.3,Laddaland
2165,1,7.6,The Bomb
2166,1,5.4,Jessica Darling's It List
2167,1,6.2,The Heroes of Evil
2169,1,5.7,Finally Found Someone
2170,1,6.9,Carbon
2173,1,7.1,ATM: Er Rak Error
2174,1,5.6,Dedemin Fişi
2175,1,6.0,Liberated: The New Sexual Revolution
2176,1,6.3,The Insomnia Club
2177,1,5.7,"Love, Surreal and Odd"
2178,1,6.3,You're My Boss
2179,1,4.1,Deep
2180,1,4.3,Christmas Wedding Planner
2181,1,5.4,Krystal
2183,1,7.0,Maacher Jhol
2184,1,5.4,Rangreza
2186,1,6.6,Nibunan
2187,1,5.8,Tere Naal Love Ho Gaya
2188,1,7.2,Daughter of the Lake
2189,1,6.7,Jewel's Catch One
2190,1,8.2,We Are Moluccans
2191,1,4.8,Animas
2192,1,5.5,Spivak
2193,1,4.2,The Devil Inside
2194,1,6.5,Russell Peters: Almost Famous
2198,1,4.6,My Perfect Romance
2201,1,5.5,Nothing to Lose
2202,1,8.0,Birth Reborn
2205,1,6.6,I'll Sleep When I'm Dead
2206,1,7.8,Mango Dreams
2207,1,5.3,Race 2
2210,1,4.7,Beauty and the Bestie
2211,1,6.7,Todd Barry: Spicy Honey
2212,1,5.1,Christmas with a View
2213,1,4.8,Happy Family
2214,1,6.2,Reincarnated
2215,1,6.1,Tracy Morgan: Staying Alive
2217,1,6.1,We Are Family
2219,1,5.3,Kath & Kimderella
2222,1,4.5,14 Cameras
2224,1,6.0,Eyyvah Eyvah 3
2225,1,7.4,Material
2226,1,8.5,Roll with Me
2227,1,6.1,Line Walker
2229,1,6.5,Rock my Heart
2230,1,6.3,Journey To Greenland
2231,1,6.1,One Last Thing
2232,1,4.0,Shark Night 3D
2235,1,5.9,Expedition Happiness
2236,1,6.9,Brij Mohan Amar Rahe!
2237,1,6.1,Generation Iron 2
2238,1,6.7,A Beautiful Life
2239,1,4.7,The Runner
2240,1,5.3,Spanish Affair 2
2242,1,4.2,Cave
2243,1,6.5,Russell Brand: Re:Birth
2244,1,5.0,Kings
2245,1,4.6,The Mansion
2247,1,6.0,Forgive Us Our Debts
2248,1,8.4,The Gospel of Matthew
2251,1,6.3,Meghnadbodh Rohoshyo
2252,1,6.7,Rory Scovel Tries Stand-Up for the First Time
2253,1,5.9,Cedric the Entertainer: Live from the Ville
2254,1,5.9,Trailer Park Boys - Live in F**kin' Dublin
2255,1,5.6,Brahman Naman
2256,1,5.1,All the Devil's Men
2257,1,5.6,Suzzanna: Buried Alive
2258,1,5.6,Bomb Scared
2259,1,6.9,Liar's Dice
2260,1,4.0,All Light Will End
2261,1,6.1,Boss Wants a Happy Ending
2262,1,6.2,Judd Apatow: The Return
2264,1,6.4,Hantu Kak Limah
2266,1,5.7,The Holiday Calendar
2267,1,6.5,The Lost Brother
2268,1,7.2,ReMastered: Tricky Dick & The Man in Black
2270,1,6.9,Laerte-se
2271,1,5.6,Manhattan Romance
2273,1,5.0,F.R.E.D.I.
2274,1,5.6,Bon Bini Holland
2275,1,6.4,City of God – 10 Years Later
2279,1,6.9,Neevevaro
2280,1,6.6,Tiffany Haddish: She Ready! From the Hood to Hollywood!
2281,1,4.8,Coin Heist
2282,1,6.5,Headwinds
2283,1,7.3,BNK48: Girls Don't Cry
2284,1,6.6,The Surrounding Game
2285,1,6.7,Chalay Thay Saath
2287,1,5.3,Budapest
2288,1,6.2,Trailer Park Boys: Live at the North Pole
2289,1,6.7,Jatt James Bond
2290,1,6.4,The Mars Generation
2291,1,6.9,Our Shining Days
2292,1,5.6,People You May Know
2293,1,6.9,Kalakalappu
2294,1,5.8,LEGO Marvel Super Heroes: Black Panther - Trouble in Wakanda
2295,1,6.6,Fanatyk
2296,1,4.3,The Recall
2298,1,5.0,The Maus
2300,1,7.1,Tom Papa: Live in New York City
2301,1,6.5,Marlon Wayans: Woke-ish
2302,1,6.4,Yes or No: Come Back to Me
2303,1,5.9,Thi Mai
2305,1,6.5,Naan Sigappu Manithan
2306,1,6.5,"Ron White: If You Quit Listening, I'll Shut Up"
2307,1,4.6,Deliha 2
2308,1,5.0,Truth or Dare
2311,1,7.1,Filosofi Kopi
2312,1,7.7,Moor
2313,1,7.4,Sofía Niño de Rivera: Exposed
2314,1,5.8,Darc
2316,1,4.3,Monsters: Dark Continent
2317,1,6.9,Lens
2319,1,5.8,Belief: The Possession of Janet Moses
2321,1,6.7,Buddies
2322,1,6.7,Colin Quinn: The New York Story
2323,1,4.6,The Devil and Father Amorth
2324,1,5.6,Lionheart
2326,1,5.3,The Doll
2327,1,7.3,Beauties of the Night
2329,1,6.1,LEGO Marvel Super Heroes - Guardians of the Galaxy: The Thanos Threat
2331,1,6.6,Craig Ferguson: Tickle Fight
2332,1,5.0,Malicious
2333,1,5.5,It's for Your Own Good
2334,1,6.4,My Own Man
2335,1,6.0,Leal
2336,1,6.2,The Next Skin
2337,1,5.6,Vodka Diaries
2339,1,5.9,Barbie: Star Light Adventure
2340,1,8.1,Beyond All Boundaries
2342,1,5.2,Sadie's Last Days on Earth
2343,1,5.6,Yellowbird
2346,1,4.8,A Glimpse Inside the Mind of Charles Swan III
2347,1,5.3,Escape from Mr. Lemoncello's Library
2348,1,5.3,Romantik Komedi
2351,1,4.9,Ragini MMS
2352,1,7.4,The 100 Years Show
2353,1,6.5,Joan Rivers: Don't Start with Me
2354,1,8.1,Beak & Brain
2358,1,5.0,Ascharya Fuck It
2359,1,5.1,Honey: Rise Up and Dance
2360,1,6.4,The Search for Life in Space
2361,1,5.3,Puss in Book: Trapped in an Epic Tale
2362,1,7.8,Vaya
2363,1,6.3,Christina P: Mother Inferior
2364,1,6.6,Def Comedy Jam 25
2365,1,6.5,Crossroads: One Two Jaga
2367,1,5.5,Night Fare
2368,1,5.4,When Angels Sleep
2372,1,7.1,Haani
2376,1,7.3,Love and Shukla
2377,1,5.0,Godzilla: The Planet Eater
2378,1,7.7,The Meaning of Monty Python
2379,1,7.3,Goli Soda 2
2381,1,6.7,The Reconquest
2382,1,5.6,Raising the Bar
2383,1,6.5,Much Ado About Nothing
2384,1,5.9,Maria Bamford: Old Baby
2387,1,7.9,Unchained: The Untold Story of Freestyle Motocross
2389,1,6.1,Who the Fuck is That Guy?: The Fabulous Journey of Michael Alago
2390,1,6.6,Maz Jobrani: Immigrant
2391,1,4.6,Heroes Wanted
2392,1,5.4,Sisterakas
2393,1,7.1,Colin Quinn: Unconstitutional
2396,1,5.9,Hide and Seek
2397,1,3.7,Cabin Fever
2399,1,5.7,LEGO Jurassic World: The Indominus Escape
2402,1,6.1,Playing Hard
2404,1,6.7,Bhouri
2406,1,6.8,Kathleen Madigan: Bothering Jesus
2407,1,5.9,The Great Magician
2408,1,8.4,Manusangada
2409,1,6.4,Silent
2410,1,5.5,The Boss's Daughter
2413,1,6.9,ReMastered: Who Shot the Sheriff
2414,1,7.9,"2,215"
2415,1,5.5,Iron Man & Captain America: Heroes United
2416,1,7.1,The Dancer
2418,1,5.7,El Dealer
2420,1,6.5,I'm Brent Morin
2421,1,6.3,The Gentleman Driver
2424,1,4.0,The Darkest Dawn
2427,1,7.9,Tottaa Pataaka Item Maal
2430,1,4.4,The Super Parental Guardians
2431,1,5.6,Barbie: Dolphin Magic
2433,1,5.8,Chupan Chupai
2436,1,6.3,Gun City
2437,1,5.5,Katt Williams: Kattpacalypse
2438,1,5.9,Dry Martina
2439,1,5.4,The Doll 2
2440,1,6.1,Malcriados
2442,1,6.5,The Breakup Playlist
2444,1,6.2,Welcome Mr. President!
2445,1,4.4,My Honor Was Loyalty
2446,1,6.4,Music Teacher
2447,1,5.5,Lucas Brothers: On Drugs
2448,1,6.3,All the Reasons to Forget
2449,1,6.1,Reggie Watts: Spatial
2450,1,5.2,Hunt to Kill
2451,1,4.4,I'm in Love with a Church Girl
2452,1,5.2,Michael Lost and Found
2453,1,5.5,3 Türken und ein Baby
2454,1,7.3,Metro
2455,1,5.9,Hayat Öpücüğü
2457,1,6.3,W. Kamau Bell: Private School Negro
2458,1,5.0,Offline: Are You Ready for the Next Level?
2459,1,5.4,Abzurdah
2463,1,6.8,Apache Warrior
2464,1,7.4,LEGO Ninjago: Day of the Departed
2465,1,6.8,Gad Gone Wild
2466,1,6.2,Sparring
2467,1,7.3,Mo Amer: The Vagabond
2468,1,6.0,Invisible
2469,1,7.1,Evening Shadows
2470,1,5.6,Zip & Zap and the Captain's Island
2471,1,5.8,Anjelah Johnson: Not Fancy
2472,1,5.5,Poster Boys
2473,1,3.1,A Flying Jatt
2474,1,5.6,Jeff Foxworthy & Larry the Cable Guy: We've Been Thinking
2475,1,5.1,Mallu Singh
2476,1,3.6,Temple
2480,1,6.9,Warrior Savitri
2481,1,5.3,Sardaarji 2
2482,1,5.5,My Birthday Song
2483,1,3.2,The Open House
2484,1,5.9,Christmas in the Smokies
2485,1,7.1,Lavell Crawford: Can a Brother Get Some Love?
2486,1,5.4,Abominable Christmas
2487,1,5.6,Theo Von: No Offense
2488,1,7.1,A Family Affair
2489,1,5.0,Animales sin collar
2490,1,5.4,Life Ki Toh Lag Gayi
2492,1,4.7,Going for Gold
2493,1,5.3,Danur
2495,1,8.1,The Gospel of Mark
2497,1,7.3,Numbered
2498,1,5.2,Arctic Heart
2499,1,7.6,Ayana
2504,1,6.1,Hükümet Kadın 2
2505,1,6.7,Behind the Curtain: Todrick Hall
2506,1,6.1,Gatao 2: Rise of the King
2507,1,6.0,"Trailer Park Boys: Drunk, High and Unemployed: Live In Austin"
2508,1,7.9,Cristina
2509,1,8.3,Kaakan
2512,1,6.5,XV Beyond the Tryline
2514,1,6.3,My Way: The Rise and Fall of Silvio Berlusconi
2515,1,5.4,Change in the Air
2516,1,4.6,Aliens Ate My Homework
2517,1,2.9,Amy Schumer: The Leather Special
2518,1,5.2,"To Each, Her Own"
2523,1,6.5,D.L. Hughley: Contrarian
2524,1,6.1,Zubaan
2525,1,7.1,Nathicharami
2526,1,4.4,The Witch Files
2528,1,5.8,West Coast
2529,1,7.2,Letters from Prague
2530,1,5.0,Rebirth
2531,1,7.0,Soekarno
2532,1,5.9,Vettai
2533,1,5.8,Virsa
2534,1,6.4,Muran
2536,1,6.8,The Gospel of Luke
2538,1,6.9,Maria Bamford: The Special Special Special!
2539,1,6.3,26 Years
2540,1,6.5,Forbidden Games: The Justin Fashanu Story
2541,1,6.6,The Tigers of Scotland
2544,1,6.1,Secrets in the Hot Spring
2547,1,5.7,Ungli
2548,1,5.3,Seven in Heaven
2553,1,7.4,Emma'
2555,1,3.7,Compulsion
2556,1,6.5,Echcharikkai
2557,1,7.0,Jagat
2558,1,6.5,Mercenary
2559,1,7.2,Gun Runners
2560,1,6.4,Stretch Armstrong: The Breakout
2561,1,4.1,The Amazing Praybeyt Benjamin
2562,1,5.9,Satyagraha
2563,1,4.1,Players
2564,1,5.4,Chashme Baddoor
2565,1,6.5,My True Friend
2566,1,5.3,All of You
2569,1,6.4,Generation Iron 3
2570,1,5.0,Barbie Video Game Hero
2571,1,6.3,Cristela Alonzo: Lower Classy
2574,1,7.8,Elizabeth at 90: A Family Tribute
2578,1,6.4,The Fourth Direction
2580,1,7.1,A Heavy Heart
2581,1,5.4,Bibi & Tina: Girls vs. Boys
2584,1,7.5,Numero Zero: The Roots of Italian Rap
2585,1,5.3,The Bittersweet
2587,1,7.0,Saawan
2590,1,4.8,Monster Island
2591,1,6.9,13th: A Conversation with Oprah Winfrey & Ava DuVernay
2592,1,5.3,Bibi & Tina: Bewildered and Bewitched
2594,1,7.0,Power Rangers Samurai: Clash of the Red Rangers - The Movie
2595,1,5.2,A Perfect Man
2596,1,7.0,Urvi
2597,1,6.2,Un + une
2598,1,6.6,Hitler's Olympics
2599,1,4.3,Çok Filim Hareketler Bunlar
2601,1,5.5,Heartthrob
2603,1,4.5,Arrest Letter
2605,1,5.2,Undercover Grandpa
2606,1,4.2,Bibi & Tina: Perfect Pandemonium
2607,1,4.5,Scales: Mermaids Are Real
2608,1,6.1,Abhinetri No. 1
2609,1,4.1,Driven to Dance
2610,1,6.1,Theeya Velai Seiyyanum Kumaru
2612,1,6.2,The Last Hour
2613,1,7.1,Aashayein
2615,1,5.1,Marvel Super Heroes Adventures: Frost Fight
2616,1,5.3,Convict
2617,1,6.8,Nila
2618,1,6.2,Jatts in Golmaal
2619,1,7.8,A Billion Colour Story
2620,1,5.5,A Mighty Team
2622,1,7.0,"Ram Dass, Going Home"
2624,1,4.5,Niyazi Gul At A Gallop
2625,1,3.4,Day of the Dead: Bloodline
2626,1,6.3,Liefling The Movie
2627,1,6.3,Hitler's Steel Beast
2628,1,5.1,Pants on Fire
2631,1,6.9,Jora 10 Numbaria
2632,1,6.5,Back to the 90s
2633,1,6.1,The Bros
2634,1,7.0,Party Monster: Scratching the Surface
2636,1,6.7,D.L. Hughley: Clear
2637,1,4.7,I Love You - A Divorce Comedy
2639,1,6.5,Ankur Arora Murder Case
2640,1,7.4,Asees
2641,1,6.8,Water
2647,1,6.5,Happy Go Lucky
2648,1,6.3,Food on the Go
2649,1,8.0,El testigo: Caín y Abel
2650,1,7.2,Born in Gaza
2652,1,5.2,Lang Tong
2653,1,4.8,Rampage: President Down
2654,1,6.2,King of Peking
2655,1,7.7,Todo lo que sería Lucas Lauriente
2656,1,6.1,DeRay Davis: How to Act Black
2657,1,5.3,Veerappan
2658,1,4.9,Bibi & Tina
2659,1,6.1,Kevin James: Never Don't Give Up
2660,1,4.6,Planetarium
2661,1,6.3,Wyatt Cenac: Brooklyn
2663,1,5.1,Berlin Kaplanı
2665,1,6.4,A Sort of Family
2668,1,7.4,Free Rein: The Twelve Neighs of Christmas
2669,1,5.3,Jonah
2670,1,5.7,Fatso!
2671,1,6.2,Casablancas: The Man Who Loved Women
2672,1,5.5,Hulk: Where Monsters Dwell
2674,1,5.3,Cop and a Half: New Recruit
2675,1,7.4,Rainbow Jelly
2676,1,6.8,Kanavu Variyam
2677,1,4.8,House of the Witch
2679,1,6.6,The Gathering 2
2681,1,4.3,Pup Star
2682,1,6.4,A 3 Minute Hug
2683,1,6.4,Dear Dad
2684,1,4.3,I Am Vengeance
2685,1,6.5,Victor
2687,1,4.9,Interrogation
2692,1,5.2,It's Now or Never
2693,1,4.7,Romeo Ranjha
2694,1,6.5,3 Heroines
2695,1,6.1,Up Among the Stars
2696,1,5.5,Mahabharat
2697,1,6.7,Blessed Benefit
2698,1,6.5,Maddman: The Steve Madden Story
2699,1,4.7,Thank You
2701,1,6.0,Joe Mande's Award-Winning Comedy Special
2702,1,5.7,¡Asu Mare! 2
2703,1,7.0,Resurface
2705,1,5.3,Pickpockets
2706,1,6.4,Feel Rich: Health Is the New Wealth
2708,1,6.3,Hunting Season
2709,1,6.2,Hope Aur Hum
2711,1,5.9,Bucket List
2716,1,5.1,Natural Selection
2717,1,4.8,Take the 10
2718,1,6.2,Sigaram Thodu
2719,1,4.4,Setup
2721,1,6.8,Moshe Kasher: Live in Oakland
2722,1,6.5,Pandigai
2723,1,5.9,Oversize Cops
2727,1,6.7,Weeds on Fire
2728,1,5.5,El club de los buenos infieles
2729,1,6.0,Suicide
2730,1,6.6,All About Asado
2732,1,7.2,The Massively Mixed-Up Middle School Mystery
2733,1,5.6,French Toast
2734,1,6.1,Mustang Island
2737,1,5.4,Malena Pichot: Estupidez compleja
2738,1,6.7,One in a Billion
2739,1,5.6,Catching Feelings
2740,1,5.9,Fary Is the New Black
2742,1,7.0,El Che
2743,1,4.6,Five Nights in Maine
2744,1,6.5,Kill Hitler! The Luck of the Devil
2745,1,7.2,Carlos Ballarta: Furia Ñera
2746,1,4.7,12 Round Gun
2747,1,4.9,Baadshaho
2748,1,6.5,Khido Khundi
2750,1,4.6,Sinister Circle
2751,1,6.6,Galih & Ratna
2752,1,7.3,Shubh Aarambh
2753,1,6.7,Agustín Aristarán: Soy Rada
2754,1,6.1,Love Is a Story
2756,1,5.0,Surviving Christmas with the Relatives
2757,1,5.3,Sat Shri Akaal England
2758,1,6.1,Road to Yesterday
2759,1,4.9,Ghost Patrol
2760,1,6.2,"I, Potro"
2762,1,6.2,Uncertain Glory
2763,1,7.4,Komola Rocket
2764,1,5.8,Fred Armisen: Standup for Drummers
2765,1,6.4,Amateur
2766,1,6.1,Jaoon Kahan Bata Ae Dil
2768,1,5.3,High Society
2769,1,5.6,Camera Store
2770,1,7.2,Eeda
2771,1,6.2,Brian Regan: Nunchucks and Flamethrowers
2773,1,5.5,Blockbuster
2774,1,5.0,May We Chat
2775,1,5.8,Coffee for All
2777,1,6.2,This Was Tomorrow
2778,1,5.4,"Yo-kai Watch the Movie: It's the Secret of Birth, Meow!"
2779,1,6.4,My Little Pony: Equestria Girls - Rollercoaster of Friendship
2780,1,5.8,Notes from Dunblane: Lessons from a School Shooting
2781,1,6.5,The Russian Revloution
2782,1,4.8,Lusers
2783,1,6.7,Willy and the Guardians of the Lake
2784,1,5.2,Raghda Motawahesha
2785,1,6.3,Urumbukal Urangarilla
2786,1,6.4,Der NSU-Komplex
2787,1,7.0,"Abdullah, The Final Witness"
2788,1,3.7,Paranormal Investigation
2789,1,6.5,Baby Mamas
2790,1,6.1,Perú: Tesoro escondido
2791,1,5.1,A Witches' Ball
2793,1,6.1,Stray Bullet
2794,1,6.1,Lynne Koplitz: Hormonal Beast
2797,1,6.1,#Selfie
2799,1,6.5,Rafinha Bastos: Ultimatum
2800,1,5.2,Handsome: A Netflix Mystery Movie
2801,1,6.7,Rattle the Cage
2802,1,5.7,John Day
2803,1,5.6,Tik Tok
2804,1,6.9,The Violin Player
2805,1,6.7,Jackpot
2806,1,6.6,Little Miss Sumo
2807,1,4.4,Robin Hood: The Rebellion
2808,1,6.5,JFK: The Making of a President
2809,1,4.7,Meet the Trumps: From Immigrant to President
2810,1,5.8,Prague
2811,1,4.3,Misfit
2813,1,4.7,Hurricane Bianca: From Russia with Hate
2816,1,5.5,Pettson and Findus: The Best Christmas Ever
2817,1,6.2,"Footprints, the Path of Your Life"
2818,1,7.2,Na Bangaaru Talli
2823,1,5.4,They Are Everywhere
2825,1,4.6,Nocturne
2826,1,6.5,Pinky Memsaab
2827,1,3.3,Smosh: The Movie
2828,1,5.0,Seth Rogen's Hilarity for Charity
2829,1,6.9,Power Rangers Megaforce: Ultimate Team Power
2830,1,6.2,Zachariayude Garbhinikal
2832,1,6.1,The Memory of Water
2833,1,5.5,War Chod Na Yaar
2834,1,7.6,Madness in the Desert: The Paris to Dakar Story
2837,1,4.0,#SquadGoals
2838,1,5.1,S Storm
2841,1,5.5,I'm Not Crazy!
2843,1,5.1,Schubert in Love
2845,1,5.8,Monopoly ( Bank Of Luck)
2846,1,7.2,ZANZ
2847,1,5.9,Kiss and Cry
2849,1,4.7,23:59
2850,1,2.8,Bir Baba Hindu
2851,1,4.2,Bring It On: Worldwide #Cheersmack
2852,1,7.3,Halkaa
2854,1,7.3,Buddy Thunderstruck: The Maybe Pile
2855,1,4.0,Target
2856,1,6.1,The Chord
2857,1,6.3,Gadaar: The Traitor
2859,1,6.1,Todd Glass Stand-Up Special
2860,1,6.5,Felipe Esparza: They're Not Gonna Laugh At You
2861,1,6.0,Savita Damodar Paranjpe
2862,1,3.8,Lo más sencillo es complicarlo todo
2863,1,4.5,5 Star Christmas
2864,1,6.5,Ánima
2866,1,6.5,Across Grace Alley
2867,1,3.7,Armed Response
2868,1,6.7,Bachelor Girls
2869,1,5.6,Phir Se
2870,1,6.0,Patria
2872,1,5.2,Holy Goalie
2873,1,5.1,Pedal the World
2874,1,4.0,A Fairly Odd Summer
2875,1,5.2,Bruno & Boots: The Wizzle War
2876,1,5.8,Are We Done
2877,1,6.9,Aalorukkam
2879,1,5.2,El Potro: Lo mejor del amor
2880,1,5.8,10 jours en or
2881,1,7.4,Judge Singh LLB
2882,1,7.1,Forever Chape
2883,1,2.8,Ludo
2887,1,6.1,Thaandavam
2888,1,7.1,The Milk System
2889,1,6.1,Lock
2890,1,4.8,Santa Pac's Merry Berry Day
2892,1,6.1,The Truth About Alcohol
2893,1,5.6,King of Boys
2894,1,4.8,New Money
2895,1,3.8,Omar & Salma 3
2896,1,7.0,Bilu: A Demon Within
2897,1,8.1,Beary Tales
2898,1,4.7,Ralphie May: Unruly
2900,1,7.3,Camarón: The Film
2901,1,5.1,All Hallow's Eve
2903,1,4.5,The Last Party
2904,1,5.4,Acapulco la vida va
2905,1,4.1,Running Out of Time
2906,1,7.0,When Hari Got Married
2908,1,8.4,Hombanna
2910,1,5.3,The Forgotten
2912,1,5.0,Anjaan
2913,1,4.2,Viking Destiny
2916,1,4.4,Aditi Mittal: Things They Wouldn't Let Me Say
2917,1,2.8,Beiimaan Love
2918,1,6.2,Vanjagar Ulagam
2920,1,6.0,"Chatô, The King of Brazil"
2921,1,6.5,Familiye
2922,1,5.2,Mr. Chandramouli
2924,1,5.4,"We, The Marines"
2925,1,6.5,A New Capitalism
2927,1,6.1,Kaf alqamar
2929,1,5.2,Dear Dracula
2931,1,3.2,Sniper: Special Ops
2932,1,4.2,Warfighter
2933,1,7.5,Born to Be Free
2934,1,5.7,Ice
2935,1,5.2,Romantik Komedi 2: Bekarlığa Veda
2936,1,4.6,Something Huge
2937,1,5.4,Love You... Love You Not...
2938,1,6.3,Wahed Sahih
2939,1,3.6,Rise of the Zombie
2940,1,4.6,Ghesh El-Zawgeya
2941,1,7.2,3 Seconds Divorce
2942,1,4.7,Chance Pe Dance
2943,1,7.0,Carlos Ballarta: El Amor es de Putos
2945,1,5.3,Souk Bazaar
2946,1,6.5,Chaotic Love Poems
2948,1,5.2,The Worthy
2949,1,5.2,The Thief and the Fool
2953,1,4.2,Action Replayy
2954,1,5.4,La sangre del gallo
2956,1,4.1,Warda
2957,1,7.5,Gour Hari Dastaan
2958,1,5.7,Bruno & Boots: Go Jump in the Pool
2959,1,6.0,SDU: Sex Duties Unit
2960,1,5.9,A StoryBots Christmas
2961,1,7.2,Odu Raja Odu
2962,1,6.8,Franco Escamilla: For the Anecdote
2963,1,5.2,French Dirty
2964,1,4.6,Ms. Mammy
2965,1,4.9,Bekia
2967,1,5.4,Bruno & Boots: This Can't Be Happening at Macdonald Hall
2970,1,5.5,Bang Rajan 2
2971,1,5.8,Ghanchakkar
2973,1,7.3,The Trader
2974,1,5.9,Phone Swap
2977,1,5.5,The Alien and Me
2978,1,6.3,Naughty Jatts
2980,1,5.8,Once a Gangster
2981,1,3.8,Monkey Up
2982,1,5.2,10 Days In Sun City
2984,1,6.0,Autohead
2985,1,5.9,Incorruptible
2987,1,7.7,It's Fine
2990,1,6.0,Needhi Singh
2991,1,6.8,Teen Aur Aadha
2992,1,6.3,Sommore: Chandelier Status
2993,1,5.3,The Christmas Project
2994,1,4.4,The Wedding Party 2: Destination Dubai
2996,1,4.1,Zokkomon
2998,1,6.4,Melle
3000,1,4.4,Tatah
3001,1,4.8,Indiscretion
3003,1,5.2,Adel Karam: Live from Beirut
3004,1,5.8,Power Rangers: Megaforce: Raising Spirits
3007,1,5.8,Chhota Bheem And The Curse of Damyaan
3010,1,6.1,The Pact
3011,1,5.8,Bioscope
3012,1,6.2,Pekak
3014,1,4.7,Bob's Broken Sleigh
3015,1,6.1,Up North
3016,1,6.8,Sofía Niño de Rivera: Natural Selection
3017,1,4.8,El Viaje: Márama y Rombai
3018,1,7.0,Bhasmasur
3019,1,5.1,Holly Star
3020,1,6.9,Loudon Wainwright III: Surviving Twin
3021,1,5.0,Sarvopari Palakkaran
3022,1,6.6,Autumn
3023,1,5.6,Bartita
3027,1,4.0,Hot Property
3028,1,5.6,Eza'et Hobb
3029,1,7.9,Minnaminungu The Firefly
3030,1,5.5,The Christmas Trap
3031,1,6.1,What Makes a Psychopath?
3033,1,5.3,Faraar
3034,1,3.2,SPF-18
3035,1,4.8,Shopkins: Wild
3036,1,2.1,B. A. Pass 2
3037,1,6.0,Mauli
3040,1,5.5,LeapFrog: Phonics Farm
3041,1,5.5,Brad Paisley's Comedy Rodeo
3043,1,6.7,5 Cowok Jagoan
3044,1,6.1,The Free Man
3045,1,5.1,Gang of the Caribbean
3046,1,6.3,Marriage Palace
3047,1,5.4,X: Past Is Present
3048,1,6.8,Have You Seen the Listers?
3049,1,4.7,Kanika
3050,1,4.6,Swearnet Live
3051,1,4.3,Macho
3054,1,6.9,Aisa Yeh Jahaan
3055,1,4.8,DreamWorks Home: For the Holidays
3056,1,5.9,W/O Ram
3058,1,5.3,Enissa Amani: Ehrenwort
3061,1,6.5,Peace Haven
3062,1,5.6,Right Here Right Now
3065,1,5.3,Super Monsters Save Halloween
3066,1,5.5,Helios
3068,1,4.8,Counterpunch
3069,1,4.6,The Unborn Child
3070,1,4.2,Calendar Girls
3072,1,6.0,Shortcut Safari
3073,1,5.7,Ricardo O'Farrill: Abrazo Genial
3075,1,3.6,Internet Famous
3076,1,7.1,Si Doel the Movie
3077,1,7.5,Vitti Dandu
3081,1,4.5,The Legend of Michael Mishra
3082,1,5.9,The Wishing Tree
3083,1,6.5,Teach Us All
3084,1,5.3,Caída del Cielo
3085,1,4.2,Mike Epps: Don't Take It Personal
3086,1,7.1,I Am Maris: Portrait of a Young Yogi
3087,1,5.8,Dany de Boon - Des Hauts-De-France
3089,1,6.8,III Smoking Barrels
3092,1,6.2,How to Win the US Presidency
3094,1,5.8,Azali
3095,1,4.6,Next Enti?
3096,1,6.0,Super Monsters and the Wish Star
3098,1,3.7,The Intent 2: The Come Up
3099,1,4.9,Katti Batti
3101,1,3.8,Haunting on Fraternity Row
3102,1,5.4,Pac’s Scary Halloween
3103,1,5.6,Saadey CM Saab
3104,1,5.8,"Pop, Lock 'n Roll"
3105,1,4.4,My Ex-Ex
3106,1,4.8,Si saben cómo me pongo ¿pa' qué me invitan?
3107,1,4.9,Oh My Ghost 2
3109,1,5.0,Rise: Ini Kalilah
3110,1,8.0,Elles étaient en guerre (1914 - 1918)
3111,1,4.4,Still
3113,1,4.5,Regatta
3114,1,5.5,Moms at War
3115,1,6.2,The Jack King Affair
3116,1,3.3,The Black Room
3118,1,5.1,Who are you?
3119,1,7.5,Ayotzinapa: The Turtle's Pace
3120,1,6.1,First Impression
3121,1,5.3,Yes or No 2.5
3122,1,4.8,Solo el amor
3123,1,5.8,Kavin Jay: Everybody Calm Down!
3125,1,5.8,Mundeyan Ton Bachke Rahin
3127,1,7.4,The House on Coco Road
3128,1,4.1,Because We're Heading Out
3130,1,5.6,Ricardo O'Farrill: Abrazo Navideño
3131,1,7.6,I Dream of Dance
3132,1,7.1,Mayurakshi
3133,1,5.8,September
3134,1,5.9,The Blind Christ
3135,1,3.7,Husbands in Goa
3136,1,3.8,"Antar, The Fourth Grandson of Shadad"
3137,1,6.3,No One Will Ever Know
3139,1,2.5,Black Rose
3140,1,6.5,Ricardo Quevedo: Hay gente así
3141,1,6.5,Pacíficum
3142,1,4.4,"My Teacher, My Obsession"
3144,1,6.4,Expedition China
3145,1,6.5,Sommore: The Reign Continues
3146,1,5.8,LeapFrog: Numberland
3147,1,4.2,Family Blood
3149,1,7.3,Bogda
3150,1,5.9,25 Kille
3151,1,3.8,Hungerford
3152,1,2.2,Romina
3153,1,7.5,Garuda Di Dadaku 2
3155,1,6.4,Yoko and His Friends
3156,1,6.6,Breaking Free
3157,1,4.9,Pretville
3158,1,4.0,Justice
3160,1,6.4,Jeremy Scott: The People's Designer
3161,1,7.3,Red Oleanders Raktokarobi
3162,1,5.3,My Friend Pinto
3163,1,3.4,Backfire
3164,1,4.1,You Can Tutu
3165,1,7.2,Lucha: Playing the Impossible
3168,1,6.6,Bill Hicks: Reflections
3169,1,3.1,Splatter
3170,1,6.6,Mau Nieto: Viviendo sobrio...desde el bar
3171,1,4.3,Tellur Aliens
3172,1,5.1,The Midas Touch
3175,1,6.6,Paathi: The Half
3178,1,5.1,Maroon
3179,1,5.5,Being Napoleon
3180,1,6.0,The Holy Man III
3182,1,4.9,Lechmi
3183,1,6.5,Theeram
3185,1,7.2,Saudi Arabia Uncovered
3186,1,4.1,Twinsanity
3187,1,5.4,Jefe
3188,1,4.6,Sister Code
3190,1,5.8,Lilli
3191,1,3.0,Salaam Kashmier
3193,1,6.1,Alan Saldaña: Mi vida de pobre
3194,1,6.0,Bombshell - The Sinking Of The Rainbow Warrior
3197,1,6.2,The Ant's Scream
3198,1,4.7,LoveJacked
3199,1,7.6,Old Lord Savanna
3200,1,5.5,A Yellow Bird
3201,1,4.1,Miniforce: New Heroes Rise
3202,1,4.1,1920 London
3203,1,6.9,Beat Bugs: All Together Now
3204,1,6.6,Pareeth Pandari
3205,1,2.5,Tees Maar Khan
3206,1,6.3,Fernando Sanjiao: Hombre
3207,1,5.3,"Out of Many, One"
3208,1,4.3,Sameer Abu Elneel
3209,1,4.6,Get Out Here for me
3210,1,4.5,Harith Iskander: I Told You So
3211,1,6.0,Merry Men: The Real Yoruba Demons
3212,1,6.5,Two Catalonias
3214,1,4.5,Counterfeiting in Suburbia
3215,1,6.5,Countdown to Death: Pablo Escobar
3216,1,5.5,Fishtronaut: The Movie
3218,1,6.5,Mumbai's King
3220,1,4.5,KL Zombie
3221,1,4.4,Dark Chocolate
3222,1,6.3,Natalia Valdebenito: The Loud-mouthed Woman
3225,1,6.5,Fishtail
3227,1,5.8,The Walls of The Moon
3228,1,7.0,Muzaffarnagar Baaqi Hai
3229,1,2.5,Deewana Main Deewana
3230,1,3.3,Garbage
3231,1,4.4,Felipe Neto: My Life Makes No Sense
3233,1,5.0,Follow Me
3234,1,4.9,Chicken Kokkachi
3237,1,4.2,White Island
3239,1,3.1,The Perfect Day
3240,1,6.0,Samarppanam
3241,1,4.9,Ms J Contemplates Her Choice
3242,1,5.5,Don't Go Breaking My Heart 2
3243,1,4.5,Mater
3244,1,3.8,Yeh Hai Bakrapur
3245,1,4.9,Mugamoodi
3246,1,4.2,Pup Star: World Tour
3249,1,5.8,A Sort of Homecoming
3250,1,6.0,Adhugo
3252,1,7.0,Zoé Panoramas
3254,1,4.0,Puppy Star Christmas
3255,1,6.1,Motor Mitraan Di
3259,1,6.2,Bridget Christie: Stand Up For Her
3260,1,2.9,Abdu Mouta
3262,1,4.0,48 Christmas Wishes
3263,1,4.3,Horror Story
3265,1,4.9,Jani Dueñas: Grandes fracasos de ayer y hoy
3266,1,7.2,Mala Kahich Problem Nahi
3267,1,5.7,2015 Dream Concert
3268,1,6.8,Roberto Saviano: Writing Under Police Protection
3269,1,5.2,Amar Akbar & Tony
3271,1,4.8,Breaking the Bank
3272,1,5.0,Todd Glass: Act Happy
3273,1,4.7,Grillo vs Grillo
3274,1,5.5,Yaara O Dildaara
3275,1,5.3,To Noora with Love
3276,1,4.1,The Secrets of Emily Blair
3277,1,5.1,The Tayo Movie: Mission Ace
3278,1,5.3,Yoo Byung Jae: Too Much Information
3279,1,4.9,When Love Happens
3280,1,4.9,Dismissal
3281,1,7.8,Pimpal
3282,1,6.2,Sebastián Marcelo Wainraich
3283,1,4.8,Mighty Raju Rio Calling
3284,1,4.9,Mariah Carey's Merriest Christmas
3285,1,3.8,Black Site Delta
3287,1,3.0,A Scandall
3288,1,4.6,Shopkins World Vacation
3289,1,6.7,The War Against Women
3290,1,6.8,Rich Kids
3291,1,5.4,14 Minutes from Earth
3292,1,4.4,Edge of Fear
3293,1,4.9,Soul Thieves
3294,1,4.3,Chal Bhaag
3295,1,4.2,Sei
3296,1,4.4,Weapon of Choice
3298,1,3.3,Incoming
3299,1,2.7,Antidote
3300,1,3.6,La Leyenda del Diamante
3301,1,5.3,Farce
3302,1,5.3,Daniel Sosa: Sosafado
3303,1,3.9,Ragini MMS 2
3304,1,3.2,Santa Claws
3305,1,3.5,The beauty of Rouh
3307,1,2.6,Machhli Jal Ki Rani Hai
3309,1,6.7,Life of An Outcast
3310,1,5.3,What the Jatt!!
3312,1,2.3,Mythily Veendum Varunnu...
3313,1,5.8,Oru Visheshapetta BiriyaniKissa
3314,1,4.2,Rodney Carrington: Here Comes The Truth
3315,1,6.6,Hakkunde
3316,1,4.7,Die Ontwaking
3317,1,4.0,P Se PM Tak
3318,1,5.1,Why Knot
3319,1,4.8,Rembat
3320,1,6.6,Coco y Raulito: Carrusel de ternura
3321,1,3.8,هجولة 2: المهمة الغامضة
3323,1,3.5,Tatu
3324,1,3.7,Rumble
3325,1,3.2,Nasha
3330,1,5.3,#Rucker50
3331,1,4.9,Alejandro Riaño: Especial de stand up
3332,1,6.2,Mantostaan
3333,1,5.8,Natascha Kampusch: The Whole Story
3337,1,6.1,Ma Chu Ka
3338,1,3.2,My Dog is My Guide
3339,1,4.2,Mercy
3340,1,4.7,Shopkins Chef Club
3341,1,4.3,Shantet Hamza
3342,1,6.9,Without Gorky
3343,1,5.6,Ralphie May: Imperfectly Yours
3344,1,6.1,Waterschool
3345,1,3.8,Silencer
3349,1,5.0,Pooja Kiven Aa
3351,1,2.4,Attitude Test
3353,1,5.3,Imperfect
3355,1,7.7,Pocoyo's Halloween
3356,1,6.2,Virunga: Gorillas in Peril
3357,1,5.4,Paisa Paisa
3358,1,5.5,History of Joy
3359,1,4.5,Tamanchey
3361,1,3.5,Salem Abu Ukhtuh
3362,1,6.3,Viswasapoorvam Mansoor
3363,1,6.3,How to Stage a Coup
3364,1,3.7,MindGamers
3365,1,5.8,The Price of Success
3366,1,4.8,Yoo Byung Jae: Discomfort Zone
3367,1,3.7,Frat Star
3368,1,4.4,Settai
3370,1,5.2,Teshan
3372,1,4.7,Grass
3374,1,3.7,Mohtaram Ela 1/4
3375,1,4.9,Chief Daddy
3377,1,6.3,Imago
3378,1,3.4,Larceny
3380,1,6.0,Pierre Jackson
3381,1,6.1,The Reservoir Game
3382,1,3.9,Chocolate City: Vegas Strip
3383,1,3.0,An Upper Egyptian
3387,1,4.2,Professor Mack
3388,1,4.9,Fabrizio Copano: Solo pienso en mi
3390,1,2.2,Best Neighbors
3392,1,2.1,Hajwala
3393,1,3.7,Marvel & ESPN Films Present: 1 of 1: Genesis
3395,1,2.4,Joker
3396,1,4.1,Drink Drank Drunk
3398,1,5.8,Bathinda Express
3399,1,5.1,The First Line
3400,1,4.9,Santo cachón
3401,1,4.5,Reaction
3404,1,4.3,Marco Luque - We are together
3407,1,4.7,Pup Star: Better 2Gether
3409,1,7.1,Chandani: The Daughter of the Elephant Whisperer
3410,1,6.2,Voulez-vous rire avec moi ce soir?
3411,1,7.3,Maharaja: The Story of Ranjit Singh
3412,1,5.4,Yabani Asly
3413,1,4.6,Silence Is Welcome
3416,1,4.3,Menorca
3418,1,6.0,Mandobasar Galpo
3419,1,5.1,Darra
3420,1,4.0,Arango y Sanint: Ríase el show
3421,1,4.2,Bobby the Hedgehog
3422,1,3.9,Tezz
3425,1,6.2,Sam Kinison: The Scream Continues
3427,1,5.7,Tum Milo Toh Sahi
3429,1,4.1,Trapped in Tradition: Rivaaz
3430,1,5.2,Mantra
3431,1,6.8,Mexicanos de bronce
3432,1,4.5,Bhoopadathil Illatha Oridam
3433,1,6.3,Truckbhar Swapna
3435,1,2.7,Recall
3436,1,5.1,Simplemente Manu NNa
3438,1,5.9,Daffedar
3439,1,2.8,Hisss
3440,1,4.4,Coffee with D
3441,1,5.8,The Land of Cards
3442,1,4.1,A Russell Peters Christmas Special
3444,1,3.6,The Women Who Kill Lions
3445,1,3.8,Cappuccino
3446,1,2.9,Kajraare
3447,1,6.1,The Bait
3448,1,5.7,Chingo Bling: They Can't Deport Us All
3449,1,2.9,The Ghost and the Tout
3450,1,3.5,May You Prosper
3451,1,4.0,Fakkah Fuzz: Almost Banned
3453,1,1.7,Himmatwala
3456,1,4.4,Kaviyude Osyathu
3457,1,1.4,Aerials
3459,1,3.1,"It's Okay, Buddy"
3460,1,3.7,Behind 'The Cove'
3461,1,5.8,"Edmilson Filho: Notas, Comedy about Relationships"
