,Netflix,Rotten Tomatoes,Title
0,1,87%,Inception
2,1,84%,Avengers: Infinity War
5,1,97%,Spider-Man: Into the Spider-Verse
7,1,87%,Django Unchained
13,1,93%,Room
18,1,95%,The King's Speech
19,1,95%,Her
21,1,96%,The Social Network
22,1,93%,Dallas Buyers Club
23,1,86%,The Perks of Being a Wallflower
25,1,92%,Ex Machina
26,1,92%,Silver Linings Playbook
31,1,92%,Drive
32,1,94%,Train to Busan
33,1,94%,Incredibles 2
34,1,88%,Dangal
40,1,81%,Despicable Me
41,1,97%,Hell or High Water
45,1,79%,The Theory of Everything
47,1,93%,Senna
48,1,81%,Scott Pilgrim vs. the World
50,1,75%,The Hateful Eight
51,1,95%,The Artist
52,1,98%,Moonlight
57,1,94%,A Silent Voice
58,1,94%,Snowpiercer
59,1,93%,Hugo
60,1,88%,Ant-Man and the Wasp
63,1,95%,Searching for Sugar Man
66,1,82%,Molly's Game
67,1,98%,Blackfish
69,1,67%,The Invisible Guest
70,1,99%,Song of the Sea
71,1,85%,End of Watch
73,1,68%,About Time
75,1,89%,Blue Is the Warmest Color
78,1,97%,Mud
79,1,94%,The Edge of Seventeen
82,1,85%,Tucker and Dale vs. Evil
86,1,96%,The Florida Project
87,1,96%,13th
88,1,88%,Bahubali: The Beginning
89,1,100%,The Dawn Wall
93,1,87%,Okja
94,1,96%,Roma
95,1,79%,Saving Mr. Banks
96,1,93%,Icarus
97,1,99%,Jiro Dreams of Sushi
100,1,96%,The Death of Stalin
103,1,95%,Amy
104,1,88%,Ralph Breaks the Internet
105,1,92%,Good Time
106,1,96%,Ip Man 2
107,1,93%,The Little Prince
108,1,91%,The Spectacular Now
109,1,89%,Baahubali 2: The Conclusion
110,1,92%,Black Mirror: Bandersnatch
111,1,76%,PK
113,1,87%,The Lobster
114,1,87%,Blue Valentine
115,1,91%,Zindagi Na Milegi Dobara
116,1,91%,Green Room
117,1,81%,Kung Fu Panda 2
118,1,91%,The Ballad of Buster Scruggs
120,1,95%,Burning
121,1,74%,The Adventures of Tintin
126,1,100%,Bad Genius
131,1,99%,My Life as a Zucchini
132,1,94%,"Jim & Andy: The Great Beyond- Featuring a Very Special, Contractually Obligated Mention of Tony Clifton"
133,1,86%,Barfi!
134,1,92%,Frances Ha
136,1,70%,Solo: A Star Wars Story
137,1,85%,Steve Jobs
139,1,71%,The Croods
140,1,91%,Locke
141,1,100%,Bill Burr: I'm Sorry You Feel That Way
142,1,99%,Starred Up
143,1,97%,Mudbound
145,1,96%,Blue Ruin
148,1,100%,The Square
149,1,90%,Gerald's Game
152,1,83%,Tinker Tailor Soldier Spy
153,1,90%,The Witch
154,1,86%,Haider
155,1,100%,Padman
156,1,91%,Hush
159,1,73%,Christopher Robin
163,1,86%,The Autopsy of Jane Doe
164,1,100%,Virunga
166,1,85%,The Master
169,1,95%,The Breadwinner
172,1,79%,The Killing of a Sacred Deer
173,1,67%,Lawless
177,1,100%,Hannah Gadsby: Nanette
181,1,92%,Arthur Christmas
183,1,88%,Winter on Fire: Ukraine's Fight for Freedom
186,1,74%,War Horse
187,1,69%,Shot Caller
188,1,88%,The Invitation
189,1,89%,A Most Violent Year
190,1,78%,The Other Guys
191,1,100%,Kapoor & Sons
192,1,89%,On Body and Soul
193,1,77%,The Fundamentals of Caring
194,1,66%,Insidious
197,1,65%,The Foreigner
198,1,67%,The Danish Girl
199,1,86%,The Girl with All the Gifts
200,1,63%,Bird Box
202,1,72%,Hostiles
203,1,100%,Sairat
204,1,74%,Trumbo
205,1,92%,LA 92
206,1,88%,20th Century Women
208,1,71%,Swiss Army Man
209,1,97%,In This Corner of the World
210,1,91%,A Ghost Story
215,1,100%,The Young Offenders
216,1,71%,Enemy
217,1,71%,Mirage
220,1,81%,The Guernsey Literary & Potato Peel Pie Society
221,1,88%,I Don't Feel at Home in This World Anymore
222,1,94%,The Endless
225,1,99%,Under the Shadow
227,1,81%,Kon-Tiki
228,1,79%,Mary Poppins Returns
229,1,100%,Kajaki
230,1,94%,The Fear of 13
231,1,92%,The Night Comes for Us
232,1,89%,Blood Father
233,1,77%,Stree
236,1,62%,Salt
237,1,67%,The Hundred-Foot Journey
238,1,100%,The Distinguished Citizen
240,1,100%,Chasing Coral
241,1,92%,The End of the Tour
242,1,82%,The One I Love
247,1,59%,What Happened to Monday
249,1,100%,The White Helmets
250,1,91%,Suburra
254,1,72%,Get Him to the Greek
255,1,92%,Slow West
256,1,93%,The Meyerowitz Stories (New and Selected)
257,1,100%,The Battered Bastards of Baseball
258,1,83%,The Perfection
259,1,78%,Ip Man 3
260,1,64%,Sinister
261,1,90%,Rush: Beyond the Lighted Stage
262,1,99%,20 Feet from Stardom
263,1,84%,The Stanford Prison Experiment
264,1,83%,My Week with Marilyn
265,1,80%,Catfish
266,1,90%,Secret Superstar
267,1,94%,Private Life
270,1,100%,For the Love of Spock
271,1,81%,Goon
273,1,90%,Inequality for All
274,1,49%,Olympus Has Fallen
276,1,100%,John Mulaney: Kid Gorgeous at Radio City
279,1,84%,Supersonic
282,1,85%,Under the Skin
285,1,100%,Hey Arnold! The Jungle Movie
290,1,96%,Undefeated
291,1,100%,Team Foxcatcher
293,1,96%,April and the Extraordinary World
295,1,61%,Legend
296,1,93%,Boy & the World
297,1,100%,Creep 2
299,1,100%,Unrest
301,1,100%,Louis C.K. 2017
302,1,88%,A Twelve-Year Night
303,1,91%,Happy as Lazzaro
304,1,89%,"What Happened, Miss Simone?"
305,1,90%,Blue Jay
306,1,90%,1922
309,1,85%,"Hail, Caesar!"
312,1,95%,Springsteen On Broadway
314,1,90%,Obvious Child
315,1,100%,Awe!
316,1,79%,American Honey
318,1,91%,Udta Punjab
319,1,41%,Den of Thieves
320,1,99%,Wadjda
322,1,64%,The Christmas Chronicles
323,1,67%,Turbo
325,1,80%,22-Jul
326,1,92%,Adam Sandler: 100% Fresh
327,1,70%,Remember
329,1,96%,Bombshell: The Hedy Lamarr Story
332,1,96%,Sour Grapes
333,1,100%,Betting on Zero
334,1,87%,Delhi Belly
335,1,95%,Being Elmo: A Puppeteer's Journey
336,1,93%,Williams
337,1,87%,It Comes at Night
338,1,100%,Cuba and the Cameraman
339,1,89%,Creep
340,1,52%,The Interview
341,1,100%,Bobby Robson: More Than a Manager
344,1,28%,Bright
345,1,85%,Cargo
346,1,87%,Even the Rain
348,1,89%,Mary and the Witch's Flower
349,1,93%,Calibre
350,1,89%,First They Killed My Father
351,1,100%,Us and Them
354,1,77%,Kill the Messenger
355,1,100%,Operation Odessa
356,1,100%,The American Meme
357,1,61%,Outlaw King
359,1,81%,Holding the Man
360,1,95%,Krisha
361,1,94%,De Palma
362,1,89%,Dear Ex
364,1,88%,Veronica
365,1,98%,The Cakemaker
366,1,57%,Instructions Not Included
367,1,69%,Bleed for This
368,1,84%,Girl
370,1,86%,Bareilly's Barfi
375,1,83%,Handsome Devil
376,1,33%,"Love, Rosie"
378,1,71%,The Ritual
379,1,89%,Super Dark Times
380,1,84%,Tallulah
381,1,85%,Other People
383,1,75%,Spectral
384,1,71%,The Babysitter
386,1,71%,Heneral Luna
389,1,94%,The Last Man on the Moon
390,1,100%,The 24 Hour War
391,1,80%,Mune: Guardian of the Moon
392,1,100%,The Devil We Know
396,1,91%,The Sapphires
398,1,75%,Tinker Bell and the Legend of the NeverBeast
399,1,88%,Get Me Roger Stone
400,1,86%,Alex Strangelove
401,1,58%,She's Out of My League
402,1,72%,Sarah's Key
403,1,100%,My Happy Family
404,1,73%,Killing Them Softly
405,1,89%,Ittefaq
407,1,100%,The Accountant of Auschwitz
409,1,73%,Hold the Dark
410,1,73%,Suffragette
411,1,60%,The Siege of Jadotville
413,1,62%,Hotel Transylvania 3: Summer Vacation
414,1,95%,Filmworker
415,1,90%,Our Souls at Night
417,1,78%,Everybody Knows
418,1,100%,Retribution
419,1,100%,Ice Guardians
420,1,81%,Tinker Bell and the Pirate Fairy
422,1,76%,Suite Française
423,1,83%,Period. End of Sentence.
425,1,80%,Next Gen
426,1,93%,Cam
427,1,83%,Divines
428,1,100%,Shirkers
431,1,95%,How to Change the World
432,1,94%,Spitfire
433,1,100%,You Are My Sunday
434,1,69%,Dear Zindagi
436,1,61%,The Water Diviner
437,1,74%,Gaga: Five Foot Two
439,1,87%,He Never Died
440,1,80%,Black Sea
441,1,92%,Ali's Wedding
443,1,91%,Mississippi Grind
444,1,92%,They'll Love Me When I'm Dead
445,1,76%,Kai Po Che!
447,1,80%,Young Adult
452,1,74%,The Exception
454,1,88%,Wheelman
455,1,84%,While We're Young
457,1,78%,The Grandmaster
458,1,100%,Bathtubs Over Broadway
460,1,96%,I am Divine
461,1,94%,King Jack
462,1,70%,The Runaways
466,1,64%,Sleeping with Other People
469,1,89%,Master Z: Ip Man Legacy
470,1,93%,Neruda
471,1,36%,One Day
474,1,97%,Harold and Lillian: A Hollywood Love Story
475,1,59%,The Grinch
476,1,88%,Qarib Qarib Singlle
477,1,91%,Beasts of No Nation
478,1,60%,Time Trap
480,1,100%,Steve Martin and Martin Short: An Evening You Will Forget for the Rest of Your Life
481,1,100%,Dance Academy: The Movie
482,1,88%,White Fang
484,1,85%,Elena
486,1,80%,Talaash
487,1,71%,Kevin Hart: Laugh at My Pain
491,1,66%,Trash
492,1,83%,The Photographer of Mauthausen
494,1,59%,Forks Over Knives
496,1,50%,Sanju
497,1,82%,Blame!
498,1,81%,Quincy
500,1,92%,Bad Day for the Cut
501,1,93%,We the Animals
502,1,45%,Soul Surfer
504,1,80%,Haywire
505,1,100%,Pink
507,1,95%,Cutie and the Boxer
508,1,100%,The World Is Yours
509,1,75%,Berlin Syndrome
511,1,75%,Big Miracle
512,1,95%,Tramps
513,1,50%,Parmanu: The Story of Pokhran
514,1,69%,Kursk
516,1,89%,The Kindergarten Teacher
517,1,54%,Stonehearst Asylum
518,1,88%,"Nick Kroll & John Mulaney: Oh, Hello on Broadway"
522,1,81%,Chappaquiddick
524,1,100%,Mission Control: The Unsung Heroes of Apollo
525,1,93%,Dukhtar
527,1,70%,Kaabil
528,1,67%,The Company Men
529,1,90%,Studio 54
530,1,59%,The Case for Christ
531,1,95%,Outside In
532,1,52%,Mowgli: Legend of the Jungle
533,1,67%,Errementari: The Blacksmith and the Devil
536,1,80%,I Am Kalam
537,1,85%,PEEPLI [Live]
538,1,89%,My Scientology Movie
539,1,100%,Latin History for Morons: John Leguizamo's Road to Broadway
541,1,89%,Behind the Curve
544,1,77%,Tig
545,1,100%,Patton Oswalt: Annihilation
548,1,95%,The Bill Murray Stories: Life Lessons Learned from a Mythical Man
550,1,91%,The Confirmation
552,1,26%,Colonia
553,1,68%,Free Fire
554,1,29%,Life As We Know It
556,1,80%,Cop Car
560,1,100%,Prosecuting Evil: The Extraordinary World of Ben Ferencz
561,1,83%,The Incident
563,1,35%,American Assassin
566,1,100%,Strong Island
568,1,83%,Smoke & Mirrors
569,1,100%,Sky Ladder: The Art of Cai Guo-Qiang
571,1,91%,Raiders!: The Story of the Greatest Fan Film Ever Made
574,1,96%,I Called Him Morgan
576,1,75%,The Angel
577,1,36%,Burlesque
578,1,86%,My Masterpiece
579,1,24%,Mr. Church
581,1,81%,Audrie & Daisy
582,1,93%,Miss Hokusai
583,1,63%,Dumplin'
585,1,80%,Breath
586,1,72%,Kodachrome
587,1,80%,Operation Red Sea
590,1,65%,Laggies
597,1,61%,Before I Wake
598,1,100%,Layla M.
599,1,87%,Mountain
601,1,44%,Mr. Right
602,1,67%,Tamasha
604,1,80%,Quartet
607,1,65%,Dolphin Tale 2
608,1,80%,No One Killed Jessica
609,1,85%,I Am Bolt
611,1,82%,BuyBust
612,1,84%,Advantageous
613,1,52%,The Iron Lady
614,1,62%,Son of a Gun
616,1,60%,On My Skin
618,1,67%,Raees
619,1,66%,The Rover
621,1,83%,The Other Side of the Wind
623,1,100%,The Legend of 420
624,1,100%,Let It Fall: Los Angeles 1982-1992
625,1,71%,Manto
626,1,73%,Rainbow
627,1,90%,Walking Out
628,1,75%,Holy Hell
630,1,51%,Jersey Boys
631,1,80%,Flavors of Youth
632,1,71%,Nappily Ever After
637,1,61%,A Futile and Stupid Gesture
638,1,44%,The Green Hornet
639,1,29%,Dear John
640,1,100%,Heroin(e)
641,1,67%,Guzaarish
642,1,91%,Imperial Dreams
644,1,65%,13 Sins
646,1,69%,Newness
647,1,100%,Mr. Roosevelt
648,1,100%,Justin Timberlake + The Tennessee Kids
649,1,36%,Battle: Los Angeles
650,1,100%,Hondros
651,1,56%,When We First Met
652,1,91%,(T)ERROR
656,1,88%,Phantom Boy
657,1,100%,Survivor's Guide to Prison
658,1,20%,Transcendence
659,1,90%,Jagga Jasoos
661,1,80%,A Fortunate Man
665,1,63%,Middle School: The Worst Years of My Life
666,1,78%,The Little Hours
667,1,100%,Aval
668,1,82%,The Unknown Known
669,1,65%,Kahlil Gibran's The Prophet
670,1,75%,The Princess Switch
671,1,73%,The Blackcoat's Daughter
672,1,85%,What We Started
674,1,76%,Into the Forest
675,1,84%,God Knows Where I Am
677,1,100%,The Rolling Stones: Olé Olé Olé! – A Trip Across Latin America
678,1,92%,Sand Storm
679,1,38%,From Paris with Love
681,1,91%,I Am Jane Doe
682,1,80%,Pee-wee's Big Holiday
683,1,52%,Promised Land
684,1,62%,Carrie Pilby
685,1,100%,Seeing Allred
686,1,76%,Goldstone
687,1,61%,The Signal
689,1,19%,Self/less
690,1,100%,The Burial of Kojo
692,1,72%,Headshot
693,1,89%,Joan Didion: The Center Will Not Hold
694,1,60%,Circle
695,1,100%,Chris Rock: Tamborine
696,1,81%,The Monster
698,1,100%,The C Word
701,1,50%,Mirror Mirror
702,1,80%,Hasee Toh Phasee
703,1,63%,Bhavesh Joshi Superhero
705,1,74%,Wakefield
706,1,46%,Wish I Was Here
707,1,76%,Lu Over the Wall
708,1,70%,Man of Tai Chi
710,1,100%,Alive and Kicking
713,1,95%,Notes on Blindness
714,1,17%,The Kissing Booth
715,1,41%,Horns
716,1,88%,Emelie
717,1,95%,Best Worst Thing That Ever Could Have Happened...
719,1,82%,First Match
721,1,84%,The Short Game
722,1,94%,Sunday's Illness
723,1,100%,Ten Years
726,1,88%,The Ravenous
727,1,70%,Animal World
729,1,61%,Kevin Hart: Let Me Explain
731,1,75%,Seoul Searching
732,1,80%,The Keeping Hours
733,1,92%,Kickboxer: Retaliation
734,1,100%,Weed the People
735,1,95%,Time Share
736,1,38%,Johnny English Reborn
737,1,90%,Fire in the Blood
738,1,64%,Dil Dhadakne Do
739,1,63%,6 Days
740,1,88%,Morris from America
741,1,93%,Joshua: Teenager vs. Superpower
742,1,88%,Highway
743,1,78%,Sweet Virginia
745,1,100%,Manson Family Vacation
746,1,60%,Benji
748,1,86%,All About Nina
750,1,100%,Mercury 13
751,1,76%,Kevin Hart: What Now?
752,1,100%,"Michael Bolton's Big, Sexy Valentine's Day Special"
754,1,43%,ARQ
756,1,90%,Quién te cantará
758,1,100%,Love Off the Cuff
759,1,53%,47 Meters Down
761,1,100%,Barakah Meets Barakah
764,1,94%,Cardboard Gangsters
766,1,66%,Sierra Burgess Is a Loser
767,1,33%,Same Kind of Different as Me
768,1,78%,Cult of Chucky
770,1,83%,May the Devil Take You
772,1,78%,Dovlatov
773,1,27%,Jupiter Ascending
776,1,82%,E-Team
777,1,86%,Class Rank
778,1,70%,Wildling
780,1,85%,Win It All
782,1,86%,Palm Trees in the Snow
784,1,76%,Chasing Trane
785,1,83%,Lady J
786,1,77%,Voyeur
787,1,89%,The Breaker Upperers
788,1,41%,Dinner for Schmucks
789,1,100%,Mike Birbiglia: My Girlfriend's Boyfriend
792,1,83%,Mitt
793,1,69%,Terrifier
794,1,22%,Resident Evil: Afterlife
795,1,50%,Conor McGregor: Notorious
796,1,80%,Khoobsurat
798,1,78%,The Ballad of Lefty Brown
800,1,91%,The Untold Tales of Armistead Maupin
801,1,16%,The Space Between Us
803,1,80%,Karthik Calling Karthik
804,1,78%,Ginger & Rosa
805,1,72%,White Girl
808,1,92%,Ellen DeGeneres: Relatable
810,1,80%,The Drug King
811,1,86%,Long Time Running
812,1,61%,Maps to the Stars
813,1,83%,Lovesong
816,1,73%,A Christmas Prince
817,1,50%,Occupation
818,1,80%,Marc Maron: Too Real
821,1,59%,The Bling Ring
822,1,71%,Pokémon the Movie: The Power of Us
824,1,20%,The Tourist
825,1,80%,God of War
826,1,96%,Menashe
827,1,89%,Lez Bomb
828,1,100%,National Bird
832,1,71%,Candy Jar
833,1,72%,He Named Me Malala
834,1,100%,Te3n
836,1,100%,A Gray State
838,1,84%,The Land of Steady Habits
841,1,90%,My Big Night
842,1,65%,Song for Marion
843,1,46%,The Discovery
846,1,86%,Lifechanger
847,1,59%,Would You Rather
851,1,76%,Una
853,1,57%,Alone in Berlin
854,1,68%,Dhobi Ghat
855,1,86%,Burning Sands
857,1,38%,We Are Your Friends
858,1,80%,Barry
862,1,100%,Bill Nye: Science Guy
863,1,48%,Hit & Run
865,1,91%,The Most Unknown
866,1,78%,Mean Dreams
867,1,100%,Ali Wong: Hard Knock Wife
868,1,98%,Trophy
869,1,100%,Dream Big: Engineering Our World
870,1,43%,Toilet - Ek Prem Katha
871,1,83%,Pope Francis: A Man of His Word
872,1,70%,68 Kill
876,1,69%,14 Blades
879,1,51%,Earth to Echo
880,1,70%,Buster's Mal Heart
881,1,80%,1000 Rupee Note
884,1,100%,Hannibal Buress: Comedy Camisado
885,1,89%,Tokyo Idols
890,1,100%,City of Joy
891,1,63%,Beyond Skyline
893,1,26%,"As Above, So Below"
894,1,75%,The Oath
895,1,16%,The Cloverfield Paradox
896,1,75%,Concussion
901,1,44%,2 States
902,1,51%,The Rum Diary
903,1,100%,Being AP
904,1,86%,6 Balloons
907,1,50%,Soorma
908,1,75%,EMO the Musical
909,1,100%,Abducted in Plain Sight
910,1,39%,Secret in Their Eyes
911,1,71%,Bon Cop Bad Cop 2
913,1,33%,Rustom
914,1,80%,The Debt Collector
915,1,100%,Been So Long
916,1,62%,Rampant
917,1,30%,Automata
918,1,48%,A Little Chaos
919,1,60%,Don't Be Afraid of the Dark
924,1,100%,The 4th Company
925,1,87%,Amanda Knox
927,1,39%,Anon
928,1,13%,Brain on Fire
929,1,71%,Gurgaon
930,1,31%,A Bad Moms Christmas
934,1,85%,The Golem
935,1,58%,David Brent: Life on the Road
939,1,75%,Lost in London
940,1,90%,The Force
941,1,65%,Jonathan
942,1,47%,Chennai Express
944,1,73%,To the Bone
945,1,64%,Kabali
948,1,79%,Get Santa
949,1,49%,Like Father
950,1,48%,War Machine
951,1,91%,Deidra & Laney Rob a Train
952,1,50%,Here Alone
954,1,12%,The Bounty Hunter
955,1,80%,Feminists: What Were They Thinking?
958,1,91%,Nobody Speak: Trials of the Free Press
960,1,67%,The Polka King
962,1,100%,7:19
963,1,83%,Happy Anniversary
965,1,18%,Valentine's Day
966,1,84%,The Lovers
967,1,45%,Pari
968,1,25%,Sleepless
969,1,39%,How to Be a Latin Lover
970,1,65%,Detour
974,1,61%,War on Everyone
977,1,35%,Equals
980,1,100%,The Bleeding Edge
981,1,80%,S Is for Stanley
982,1,82%,Hot Girls Wanted
985,1,100%,Susanne Bartsch: On Top
986,1,100%,Restless Creature: Wendy Whelan
988,1,80%,Clive Davis: The Soundtrack of Our Lives
990,1,48%,Goosebumps 2: Haunted Halloween
992,1,100%,National Parks Adventures
993,1,44%,Sand Castle
997,1,97%,The B-Side: Elsa Dorfman's Portrait Photography
998,1,63%,The Bad Education Movie
1000,1,58%,Beyond the Clouds
1001,1,22%,Below Her Mouth
1002,1,86%,Norman Lear: Just Another Version of You
1003,1,71%,A Tale of Love and Darkness
1005,1,73%,"Roxanne, Roxanne"
1007,1,84%,Results
1008,1,25%,Hop
1009,1,80%,Toro
1010,1,86%,Reversing Roe
1014,1,100%,Jim Gaffigan: Obsessed
1018,1,32%,For Colored Girls
1020,1,44%,The Art of the Steal
1023,1,27%,A-X-L
1024,1,67%,Orbiter 9
1026,1,50%,The Package
1027,1,88%,Satan & Adam
1029,1,60%,Detective Dee: The Four Heavenly Kings
1030,1,29%,Tau
1031,1,78%,The Tiger Hunter
1034,1,45%,Tusk
1035,1,71%,Gemini
1036,1,83%,Little Evil
1038,1,87%,The Student
1039,1,85%,My Entire High School Sinking Into the Sea
1040,1,33%,Pokémon the Movie: I Choose You!
1044,1,17%,Mine
1047,1,13%,God's Not Dead
1049,1,83%,Don't Go Breaking My Heart
1050,1,31%,Zero
1051,1,52%,24 Hours to Live
1052,1,86%,Dream Boat
1053,1,13%,A Family Man
1054,1,15%,The Outsider
1055,1,90%,Into the Inferno
1056,1,33%,The Nutcracker and the Four Realms
1057,1,69%,Frank & Lola
1058,1,40%,The Super
1059,1,71%,Adventures in Public School
1061,1,71%,A Very Murray Christmas
1063,1,63%,The Trust
1065,1,62%,Dean
1067,1,47%,In Darkness
1068,1,55%,Rowdy Rathore
1071,1,91%,Mindhorn
1072,1,92%,WHAT DID JACK DO?
1075,1,77%,13 Cameras
1076,1,93%,SampleThis
1077,1,62%,Come and Find Me
1079,1,60%,An Interview with God
1084,1,71%,The Rachel Divide
1091,1,69%,6 Years
1093,1,100%,Semana Santa
1094,1,100%,Hostages
1096,1,30%,The Captive
1097,1,32%,Irreplaceable You
1099,1,86%,Barbecue
1100,1,23%,Dark Places
1101,1,65%,Head Count
1102,1,80%,Await Further Instructions
1104,1,57%,Belgica
1107,1,47%,The Bad Batch
1112,1,84%,Jeremiah Tower: The Last Magnificent
1113,1,43%,Closed Circuit
1114,1,54%,At First Light
1117,1,80%,I'll See You in My Dreams
1118,1,60%,Superlópez
1119,1,60%,The Skin of the Wolf
1123,1,18%,Cop Out
1126,1,84%,The Ivory Game
1127,1,55%,Unicorn Store
1128,1,55%,Acts of Vengeance
1129,1,89%,Stink!
1130,1,38%,The Green Inferno
1132,1,55%,The Lodgers
1135,1,56%,Standoff
1136,1,89%,Life 2.0
1137,1,63%,The Awakening of Motti Wolkenbruch
1141,1,94%,Shot! The Psycho-Spiritual Mantra of Rock
1142,1,86%,The Incredible Jessica James
1143,1,9%,The Do-Over
1144,1,20%,The Vatican Tapes
1148,1,20%,The Invisible Guardian
1156,1,46%,5 Flights Up
1157,1,60%,iBoy
1159,1,43%,Goon: Last of the Enforcers
1160,1,44%,Life After Beth
1161,1,67%,Take Me
1163,1,92%,And Breathe Normally
1164,1,64%,The Tribes of Palos Verdes
1166,1,64%,I Am Michael
1168,1,14%,House at the End of the Street
1170,1,62%,The New Romantic
1177,1,20%,Mute
1178,1,50%,Seal Team Six: The Raid on Osama Bin Laden
1180,1,50%,The Warriors Gate
1182,1,55%,Blind Detective
1184,1,6%,Dream House
1186,1,57%,Duck Butter
1187,1,57%,Arjun: The Warrior Prince
1191,1,38%,Skiptrace
1197,1,43%,"Fireworks, Should We See It from the Side or the Bottom?"
1199,1,55%,Rangoon
1202,1,63%,The Motive
1204,1,63%,Come Sunday
1206,1,22%,Country Strong
1209,1,71%,Apostle
1210,1,43%,Message from the King
1211,1,20%,"Crouching Tiger, Hidden Dragon: Sword of Destiny"
1215,1,40%,Revenger
1217,1,60%,American Circumcision
1218,1,13%,Raajneeti
1219,1,56%,Shepherds and Butchers
1223,1,21%,For Greater Glory: The True Story of Cristiada
1224,1,47%,Happy New Year
1225,1,29%,Between Worlds
1227,1,75%,Savage Dog
1229,1,58%,Close Enemies
1230,1,45%,Tony Robbins: I Am Not Your Guru
1232,1,75%,Umrika
1236,1,46%,The Hurricane Heist
1239,1,49%,Submission
1240,1,26%,Barely Lethal
1241,1,100%,Rodney King
1243,1,79%,Buffalo Boys
1247,1,60%,Flock of Four
1253,1,32%,3 Generations
1256,1,70%,A Christmas Prince: The Royal Wedding
1257,1,70%,XX
1267,1,59%,Bullet Head
1268,1,42%,Moonwalkers
1272,1,36%,Patrick
1275,1,52%,Holidays
1277,1,87%,Alt-Right: Age of Rage
1281,1,49%,Mascots
1291,1,57%,Aarakshan
1295,1,50%,The Outcasts
1297,1,57%,Black Snow
1298,1,29%,Tad the Lost Explorer and the Secret of King Midas
1302,1,71%,La tribu
1304,1,55%,Force 2
1306,1,70%,Bad Rap
1309,1,43%,He's Out There
1318,1,60%,Yucatán
1319,1,57%,Trespass Against Us
1321,1,16%,Sinister 2
1323,1,59%,Bobbi Jene
1326,1,56%,Ajji
1328,1,20%,Our Lovers
1329,1,9%,A Haunted House
1331,1,100%,Attacking the Devil: Harold Evans and the Last Nazi War Crime
1337,1,67%,Little Boxes
1349,1,27%,Sandy Wexler
1350,1,41%,Kickboxer: Vengeance
1351,1,43%,Christmas Inheritance
1352,1,16%,Sex and the City 2
1355,1,86%,The Most Assassinated Woman in the World
1359,1,47%,Bushwick
1361,1,21%,Dilwale
1365,1,95%,The Death and Life of Marsha P. Johnson
1367,1,100%,Asperger's Are Us
1368,1,100%,Hard Tide
1372,1,75%,Ibiza
1373,1,70%,Jailbreak
1374,1,9%,"Game Over, Man!"
1378,1,23%,Apollo 18
1380,1,58%,Strange Weather
1381,1,58%,Rolling Papers
1386,1,19%,Chernobyl Diaries
1388,1,15%,The Sea of Trees
1389,1,88%,Room for Rent
1393,1,100%,All Good
1394,1,37%,Cut Bank
1396,1,41%,Casa De Mi Padre
1397,1,30%,Baaghi
1400,1,33%,Demonic
1408,1,16%,Friend Request
1411,1,91%,When Two Worlds Collide
1414,1,26%,The Duel
1419,1,10%,Silent Hill: Revelation 3D
1420,1,5%,Hangman
1421,1,100%,"Norm Macdonald: Hitler's Dog, Gossip & Trickery"
1422,1,63%,Haraamkhor
1423,1,40%,Lila & Eve
1426,1,47%,Ordinary World
1429,1,63%,Ek Main Aur Ekk Tu
1430,1,56%,The Warning
1436,1,50%,Shimmer Lake
1438,1,38%,Mohenjo Daro
1444,1,67%,American Anarchist
1450,1,40%,Baazaar
1451,1,27%,The Week Of
1452,1,40%,Lady Bloodfight
1454,1,50%,Look & See: A Portrait of Wendell Berry
1456,1,84%,Mohawk
1460,1,45%,Bokeh
1461,1,12%,W.E.
1467,1,83%,Across the Line
1469,1,82%,Casting JonBenet
1472,1,34%,By the Sea
1473,1,29%,Illang: The Wolf Brigade
1481,1,88%,Hope Springs Eternal
1482,1,50%,Take Your Pills
1484,1,43%,Mubarakan
1485,1,41%,Vincent N Roxxy
1488,1,17%,USS Indianapolis: Men of Courage
1496,1,40%,Tremors: A Cold Day in Hell
1497,1,67%,Rainbow Time
1500,1,5%,The Last Airbender
1502,1,22%,Step Sisters
1506,1,55%,Speech & Debate
1511,1,30%,Backtrack
1512,1,100%,Warehoused
1513,1,24%,Don't Knock Twice
1520,1,53%,Postcards from London
1535,1,100%,Rukh
1541,1,18%,Special Correspondents
1543,1,58%,Small Crimes
1544,1,34%,The Assignment
1552,1,44%,Love Beats Rhymes
1562,1,22%,Jem and the Holograms
1566,1,83%,Burlesque: Heart of the Glitter Tribe
1569,1,17%,How It Ends
1571,1,40%,El Camino Christmas
1575,1,11%,Search Party
1576,1,78%,The Legend of Cocaine Island
1582,1,38%,Malevolent
1583,1,71%,Dayveon
1585,1,71%,Paper Year
1596,1,20%,Swearnet: The Movie
1599,1,11%,I Am Wrath
1604,1,75%,Tales from the Hood 2
1605,1,14%,The Little Vampire 3D
1608,1,71%,XOXO
1610,1,54%,For Here or to Go?
1612,1,38%,Social Animals
1616,1,33%,Fun Mom Dinner
1619,1,36%,Lavender
1623,1,59%,City of Tiny Lights
1626,1,50%,Hank: 5 Years from the Brink
1635,1,16%,The Titan
1637,1,25%,Half Girlfriend
1638,1,17%,God Bless the Broken Road
1644,1,80%,Bayonet
1646,1,53%,Cezanne and I
1649,1,71%,The Tenth Man
1659,1,29%,Mara
1665,1,36%,Puerto Ricans in Paris
1667,1,25%,Skin Trade
1680,1,13%,Cats & Dogs: The Revenge of Kitty Galore
1686,1,10%,Jab Harry Met Sejal
1687,1,4%,The Roommate
1690,1,25%,The Vault
1691,1,100%,Theatre of Life
1694,1,45%,The Laws of Thermodynamics
1704,1,6%,Some Kind of Beautiful
1705,1,60%,I Am the Pretty Thing That Lives in the House
1708,1,21%,The Adderall Diaries
1711,1,100%,CRD
1716,1,30%,Ready
1719,1,32%,The Legacy of a Whitetail Deer Hunter
1730,1,12%,First Kill
1733,1,51%,Miss Julie
1737,1,82%,Theo Who Lived
1743,1,18%,The Bye Bye Man
1751,1,22%,Spy Kids: All the Time in the World
1761,1,20%,The Little Mermaid
1765,1,100%,Invisible Essence: The Little Prince
1766,1,40%,Naam Shabana
1775,1,12%,Birthmarked
1783,1,62%,Mr. Pig
1801,1,7%,The Black Prince
1806,1,25%,The Humanity Bureau
1808,1,22%,Big Kill
1810,1,43%,Girlfriend's Day
1814,1,18%,All I Wish
1816,1,17%,I Don't Know How She Does It
1817,1,20%,Bob Lazar: Area 51 and Flying Saucers
1823,1,100%,Highly Strung
1845,1,19%,Visions
1846,1,43%,The Most Hated Woman in America
1851,1,9%,Good People
1857,1,11%,Hoodwinked Too! Hood VS. Evil
1865,1,17%,Swiped
1872,1,44%,Gori Tere Pyaar Mein
1884,1,82%,The Rehearsal
1909,1,29%,Don Verdean
1932,1,23%,The Clapper
1941,1,20%,Perdida
1960,1,27%,Havenhurst
1965,1,11%,God's Not Dead: A Light in Darkness
1973,1,36%,Judwaa 2
1984,1,71%,River's Edge
1997,1,90%,The Last Resort
2007,1,22%,Azhar
2030,1,50%,Blood Money
2052,1,29%,Aiyaary
2070,1,8%,The Last Face
2090,1,40%,Chronically Metropolitan
2091,1,40%,Lucknow Central
2100,1,50%,The Drowning
2102,1,50%,Heroine
2120,1,20%,Judy Moody and the Not Bummer Summer
2134,1,15%,Fitoor
2138,1,43%,White Chamber
2141,1,50%,Curtiz
2143,1,13%,Woody Woodpecker
2155,1,67%,Heirs
2161,1,15%,Revenge of the Green Dragons
2163,1,43%,Mostly Sunny
2179,1,33%,Deep
2181,1,10%,Krystal
2191,1,67%,Animas
2193,1,6%,The Devil Inside
2213,1,10%,Happy Family
2214,1,29%,Reincarnated
2219,1,26%,Kath & Kimderella
2222,1,22%,14 Cameras
2232,1,19%,Shark Night 3D
2239,1,24%,The Runner
2240,1,40%,Spanish Affair 2
2244,1,13%,Kings
2255,1,75%,Brahman Naman
2256,1,23%,All the Devil's Men
2316,1,17%,Monsters: Dark Continent
2323,1,44%,The Devil and Father Amorth
2342,1,40%,Sadie's Last Days on Earth
2346,1,16%,A Glimpse Inside the Mind of Charles Swan III
2438,1,50%,Dry Martina
2451,1,6%,I'm in Love with a Church Girl
2472,1,33%,Poster Boys
2473,1,43%,A Flying Jatt
2476,1,27%,Temple
2483,1,23%,The Open House
2515,1,11%,Change in the Air
2524,1,83%,Zubaan
2578,1,63%,The Fourth Direction
2590,1,18%,Monster Island
2595,1,20%,A Perfect Man
2625,1,13%,Day of the Dead: Bloodline
2660,1,16%,Planetarium
2683,1,29%,Dear Dad
2684,1,38%,I Am Vengeance
2743,1,28%,Five Nights in Maine
2793,1,75%,Stray Bullet
2894,1,60%,New Money
2913,1,13%,Viking Destiny
2957,1,40%,Gour Hari Dastaan
3139,1,22%,Black Rose
3205,1,11%,Tees Maar Khan
3230,1,60%,Garbage
3332,1,40%,Mantostaan
3365,1,20%,The Price of Success
3430,1,40%,Mantra
3440,1,17%,Coffee with D
